-- MySQL dump 10.13  Distrib 5.1.41, for debian-linux-gnu (i486)
--
-- Host: localhost    Database: ppress
-- ------------------------------------------------------
-- Server version	5.1.41-3ubuntu12.6

/*!40101 SET @OLD_CHARACTER_SET_CLIENT=@@CHARACTER_SET_CLIENT */;
/*!40101 SET @OLD_CHARACTER_SET_RESULTS=@@CHARACTER_SET_RESULTS */;
/*!40101 SET @OLD_COLLATION_CONNECTION=@@COLLATION_CONNECTION */;
/*!40101 SET NAMES utf8 */;
/*!40103 SET @OLD_TIME_ZONE=@@TIME_ZONE */;
/*!40103 SET TIME_ZONE='+00:00' */;
/*!40014 SET @OLD_UNIQUE_CHECKS=@@UNIQUE_CHECKS, UNIQUE_CHECKS=0 */;
/*!40014 SET @OLD_FOREIGN_KEY_CHECKS=@@FOREIGN_KEY_CHECKS, FOREIGN_KEY_CHECKS=0 */;
/*!40101 SET @OLD_SQL_MODE=@@SQL_MODE, SQL_MODE='NO_AUTO_VALUE_ON_ZERO' */;
/*!40111 SET @OLD_SQL_NOTES=@@SQL_NOTES, SQL_NOTES=0 */;

--
-- Table structure for table `blog`
--

DROP TABLE IF EXISTS `blog`;
/*!40101 SET @saved_cs_client     = @@character_set_client */;
/*!40101 SET character_set_client = utf8 */;
CREATE TABLE `blog` (
  `blog_id` int(11) NOT NULL,
  `title` varchar(125) DEFAULT NULL,
  `author` varchar(30) DEFAULT NULL,
  `intro` text,
  `URL` varchar(256) DEFAULT NULL,
  `crttime` timestamp NOT NULL DEFAULT CURRENT_TIMESTAMP ON UPDATE CURRENT_TIMESTAMP,
  `updtime` timestamp NOT NULL DEFAULT '0000-00-00 00:00:00',
  PRIMARY KEY (`blog_id`)
) ENGINE=InnoDB DEFAULT CHARSET=utf8;
/*!40101 SET character_set_client = @saved_cs_client */;

--
-- Dumping data for table `blog`
--

LOCK TABLES `blog` WRITE;
/*!40000 ALTER TABLE `blog` DISABLE KEYS */;
INSERT INTO `blog` VALUES (1,'赵庭景美','Zhao Ting Jing Mei','<b>location</b>: Beijing<br/>\r\n<b>occupation</b>: oil painter<br/>\r\n<b>blog visits</b>: 88, 086<br/>\r\n<br/>\r\nShe came home one night to find her husband in bed with another woman, and live cast the whole thing on her microblog.<br/>','http://blog.sina.com.cn/zhaotingjingmei','2010-10-18 18:58:23','2010-10-06 13:49:39'),(2,'钟如九','Zhong Rujiu','<b>age</b>: 22<br/>			<b>location</b>: Yihuang county, Jiangxi<br/>\r\n<b>microblog readership</b>: 31,966<br/>\r\n<br/>\r\nChased by local police on her way to Beijing to petition against the forced demolition of her family’s home, she and her sister locked  themselves in the airport washroom and began texting bloggers and journalists for help. She updates her microblog from her mobile phone, with news of her family and the demolition resistance.<br/>','http://t.sina.com.cn/n/钟如九','2010-10-18 19:00:25','2010-10-06 13:53:01'),(3,'洪晃','Hong Huang','<b>location</b>: Beijing<br/\r\n<b>occupation</b>: Chief executive of China Interactive Media Group<br/>\r\n<b>blog visits</b>: 113,369,616<br/>\r\n<br/>\r\nShe is an influential media mogul, publisher of fashion magazines, the ex-wife of a famous film director, a mother, and the daughter of a diplomatic family. <br/>','http://blog.sina.com.cn/honghuang','2010-10-18 19:02:31','0000-00-00 00:00:00'),(4,'流氓燕','Hooligan Sparrow','<b>location</b>: Wuhan<br/>\r\n<b>occupation</b>: community organizer<br/>\r\n<b>blog visits</b>: 3,048,638<br/>\r\n<br/>\r\nShe first caused a sensation for posting nude photos of herself online, and writing candidly about sex and relationships. She now runs a women\'s rights organization and was recently detained by authorities for organizing a petition campaign for the legalization of sex work after a government “vice crackdown” on pornography and prostitution. <br/>','http://452598814.qzone.qq.com/','2010-10-18 19:03:30','0000-00-00 00:00:00'),(5,'丁婆','Dimple','<b>location</b>: Montreal, Canada\r\n<br/>\r\n<b>occupation</b>: student, translator<br/>\r\n<b>blog hits</b>: 13<br/>\r\n<br/>\r\nSome things in her life are easier to say online, to total strangers, than to tell her friends.<br/>','http://dimplewan.wordpress.com/','2010-10-18 19:04:34','0000-00-00 00:00:00');
/*!40000 ALTER TABLE `blog` ENABLE KEYS */;
UNLOCK TABLES;

--
-- Table structure for table `flickr_cache`
--

DROP TABLE IF EXISTS `flickr_cache`;
/*!40101 SET @saved_cs_client     = @@character_set_client */;
/*!40101 SET character_set_client = utf8 */;
CREATE TABLE `flickr_cache` (
  `request` char(35) NOT NULL,
  `response` mediumtext NOT NULL,
  `expiration` datetime NOT NULL,
  KEY `request` (`request`)
) ENGINE=MyISAM DEFAULT CHARSET=latin1;
/*!40101 SET character_set_client = @saved_cs_client */;

--
-- Dumping data for table `flickr_cache`
--

LOCK TABLES `flickr_cache` WRITE;
/*!40000 ALTER TABLE `flickr_cache` DISABLE KEYS */;
INSERT INTO `flickr_cache` VALUES ('cdfd8f21dc2fec2754f6ea7cc0bd606f','a:2:{s:6:\"photos\";a:5:{s:4:\"page\";i:1;s:5:\"pages\";d:10851;s:7:\"perpage\";i:1;s:5:\"total\";s:5:\"10851\";s:5:\"photo\";a:1:{i:0;a:9:{s:2:\"id\";s:10:\"2830332416\";s:5:\"owner\";s:12:\"89938002@N00\";s:6:\"secret\";s:10:\"c4432d9cd2\";s:6:\"server\";s:4:\"3027\";s:4:\"farm\";d:4;s:5:\"title\";s:34:\"[LOMO] ç‘ªç‘™æ¨‚æ‘¸ä½ å¥½æ˜Žä¿¡ç‰‡\";s:8:\"ispublic\";i:1;s:8:\"isfriend\";i:0;s:8:\"isfamily\";i:0;}}}s:4:\"stat\";s:2:\"ok\";}','2010-10-18 10:45:39'),('01f7aba79436e2f6b925f981ede2b402','jsonFlickrApi({\"photos\":{\"page\":1, \"pages\":181, \"perpage\":1, \"total\":\"181\", \"photo\":[{\"id\":\"4639197715\", \"owner\":\"50501885@N07\", \"secret\":\"b7d26ac758\", \"server\":\"3019\", \"farm\":4, \"title\":\"Bordeaux old stone bridge u6ce2u5c14u591au8001u77f3u6865\", \"ispublic\":1, \"isfriend\":0, \"isfamily\":0}]}, \"stat\":\"ok\"})','2010-10-18 13:08:34'),('4ca182a5dd1788a202b3079293000341','jsonFlickrApi({\"photos\":{\"page\":1, \"pages\":16591, \"perpage\":1, \"total\":\"16591\", \"photo\":[{\"id\":\"4408252268\", \"owner\":\"8124324@N02\", \"secret\":\"f259f3d508\", \"server\":\"4022\", \"farm\":5, \"title\":\"u6b63u6cd5u773cu85cf - u65f6u95f4u662fu65e0u60c5u7684u3002u3002u3002 u60f3u6293u4f4fu65f6u95f4u522bu65e0u5b83u6cd5u3002u3002u3002u4ebau4eecu5fc5u987bu7528u5f97u59a5u5f53u3002u3002u3002\", \"ispublic\":1, \"isfriend\":0, \"isfamily\":0}]}, \"stat\":\"ok\"})','2010-10-18 13:08:34'),('5963920e1110fc2fb9a820f960977758','jsonFlickrApi({\"photos\":{\"page\":1, \"pages\":8106, \"perpage\":1, \"total\":\"8106\", \"photo\":[{\"id\":\"2168752767\", \"owner\":\"22345896@N07\", \"secret\":\"b07f53b89b\", \"server\":\"2115\", \"farm\":3, \"title\":\"u4e24u4e2au6708u5927u4e86uff0cu7ec8u4e8eu80fdu7784u51c6u5634u5df4uff0cu5c06u624bu585eu8fdbu53bbu4e86\", \"ispublic\":1, \"isfriend\":0, \"isfamily\":0}]}, \"stat\":\"ok\"})','2010-10-18 13:08:35'),('3c7d2ec4ef17d9aa6b7e3d7abc98cbda','jsonFlickrApi({\"photos\":{\"page\":1, \"pages\":106445, \"perpage\":1, \"total\":\"106445\", \"photo\":[{\"id\":\"3143876697\", \"owner\":\"28913038@N00\", \"secret\":\"a78bcb0e62\", \"server\":\"3107\", \"farm\":4, \"title\":\"u4ecau5929u745eu58ebu5927u9f99u5728u5929u5b89u95e8u5e7fu573a\", \"ispublic\":1, \"isfriend\":0, \"isfamily\":0}]}, \"stat\":\"ok\"})','2010-10-18 13:08:35'),('d9d561e60674323592aa66b29660c9ce','jsonFlickrApi({\"photos\":{\"page\":1, \"pages\":720, \"perpage\":1, \"total\":\"720\", \"photo\":[{\"id\":\"4109210454\", \"owner\":\"44510834@N05\", \"secret\":\"8e95c97878\", \"server\":\"2797\", \"farm\":3, \"title\":\"u5982u679cu5b69u5b50u4eecu6682u65f6u8d70u4e0du51fau53bbuff0cu6211u4eecu5c31u628au4e16u754cu8bf7u8fdbu6765u2014u2014u4e61u6751u6559u5e08u57282009u4e2du6587u7f51u5fd7u5e74u4f1au4e61u6751u6559u80b2u8bbau575bu4e0au7684u53d1u8a00\", \"ispublic\":1, \"isfriend\":0, \"isfamily\":0}]}, \"stat\":\"ok\"})','2010-10-18 13:08:35'),('0a430e1513cf8f6a3db44171d9552508','jsonFlickrApi({\"photos\":{\"page\":1, \"pages\":23629, \"perpage\":1, \"total\":\"23629\", \"photo\":[{\"id\":\"448271020\", \"owner\":\"12966643@N00\", \"secret\":\"48eaf0a0f1\", \"server\":\"197\", \"farm\":1, \"title\":\"Sex Advice Center (u6027u6307u5c0eu30bbu30f3u30bfu30fc)\", \"ispublic\":1, \"isfriend\":0, \"isfamily\":0}]}, \"stat\":\"ok\"})','2010-10-18 13:08:36'),('3af185d63a5f82f58962d799882bad13','jsonFlickrApi({\"photos\":{\"page\":1, \"pages\":5, \"perpage\":1, \"total\":\"5\", \"photo\":[{\"id\":\"4313463136\", \"owner\":\"46847894@N06\", \"secret\":\"f448ee8cdf\", \"server\":\"2758\", \"farm\":3, \"title\":\"u5317u6d77u9053u3000u5c71u672cu535au662du77f3u6750u5e97u3002\", \"ispublic\":1, \"isfriend\":0, \"isfamily\":0}]}, \"stat\":\"ok\"})','2010-10-18 13:08:36'),('06ef978d9324cf57dd58088e27449cdd','jsonFlickrApi({\"photos\":{\"page\":1, \"pages\":6200542, \"perpage\":1, \"total\":\"6200542\", \"photo\":[{\"id\":\"2706583162\", \"owner\":\"9712654@N05\", \"secret\":\"e28f947f52\", \"server\":\"3004\", \"farm\":4, \"title\":\"_u6e05u6668u7684u7b2cu4e00u8072 u65e9u5b89uff61\", \"ispublic\":1, \"isfriend\":0, \"isfamily\":0}]}, \"stat\":\"ok\"})','2010-10-18 13:08:37'),('221331ca5e2dd39918cf26443bc9c668','jsonFlickrApi({\"photos\":{\"page\":1, \"pages\":36421, \"perpage\":1, \"total\":\"36421\", \"photo\":[{\"id\":\"344004051\", \"owner\":\"96885341@N00\", \"secret\":\"206ae00fa7\", \"server\":\"134\", \"farm\":1, \"title\":\"u4ecau5e74u3082u3088u308du3057u304fuff01\", \"ispublic\":1, \"isfriend\":0, \"isfamily\":0}]}, \"stat\":\"ok\"})','2010-10-18 13:08:37'),('1704a9934a591e9e6276e583c5b2627e','jsonFlickrApi({\"photos\":{\"page\":1, \"pages\":3309, \"perpage\":1, \"total\":\"3309\", \"photo\":[{\"id\":\"66568632\", \"owner\":\"23562155@N00\", \"secret\":\"cf94d735e6\", \"server\":\"29\", \"farm\":1, \"title\":\"u4e00u6218u7ed3u675fuff0c1918u5e7411u670828u65e5u81f330u65e5\", \"ispublic\":1, \"isfriend\":0, \"isfamily\":0}]}, \"stat\":\"ok\"})','2010-10-18 13:08:37'),('16ef73d23e3272e460ef1cd5522b4000','jsonFlickrApi({\"photos\":{\"page\":1, \"pages\":3, \"perpage\":1, \"total\":\"3\", \"photo\":[{\"id\":\"2170418212\", \"owner\":\"99527724@N00\", \"secret\":\"754bcb231c\", \"server\":\"2337\", \"farm\":3, \"title\":\"u4e0au6d77uff1au60c5u6b32u7684u9762u5177\", \"ispublic\":1, \"isfriend\":0, \"isfamily\":0}]}, \"stat\":\"ok\"})','2010-10-18 13:08:38'),('288637560c03b66c1d0bfd694443e5ba','jsonFlickrApi({\"photos\":{\"page\":1, \"pages\":978, \"perpage\":1, \"total\":\"978\", \"photo\":[{\"id\":\"4795163253\", \"owner\":\"48103873@N08\", \"secret\":\"393e8d87af\", \"server\":\"4141\", \"farm\":5, \"title\":\"u7f18u805au5f71u89c6u4e2du5fc3u65b0u7247u300au56deu5f52u300bu5168u9762u6740u9752\", \"ispublic\":1, \"isfriend\":0, \"isfamily\":0}]}, \"stat\":\"ok\"})','2010-10-18 13:08:39'),('1dc60070ab95b8c7f517782ec6062d14','jsonFlickrApi({\"photos\":{\"page\":1, \"pages\":67768, \"perpage\":1, \"total\":\"67768\", \"photo\":[{\"id\":\"3752073593\", \"owner\":\"7320299@N08\", \"secret\":\"0b64d4c7b4\", \"server\":\"2593\", \"farm\":3, \"title\":\"17u6b72u7684u7a7au6c23u611fu5de5u4f5cu7167\", \"ispublic\":1, \"isfriend\":0, \"isfamily\":0}]}, \"stat\":\"ok\"})','2010-10-18 13:08:39'),('3fbcd98781beb9bccefc6f3e6ec7925b','jsonFlickrApi({\"photos\":{\"page\":1, \"pages\":159614, \"perpage\":1, \"total\":\"159614\", \"photo\":[{\"id\":\"4823266985\", \"owner\":\"45986643@N07\", \"secret\":\"be6fa24183\", \"server\":\"4075\", \"farm\":5, \"title\":\"u570bu969bu5f62u8c61u9020u578bu5e2buff1au795eu97fbu6bcfu500bu7bc0u76eeu90fdu6709u81eau5df1u7684u7279u8272\", \"ispublic\":1, \"isfriend\":0, \"isfamily\":0}]}, \"stat\":\"ok\"})','2010-10-18 13:08:40'),('2f55583ade2e0310ae511e50c4875dc9','jsonFlickrApi({\"photos\":{\"page\":1, \"pages\":31682, \"perpage\":1, \"total\":\"31682\", \"photo\":[{\"id\":\"456455692\", \"owner\":\"71453924@N00\", \"secret\":\"013b0ef4fe\", \"server\":\"239\", \"farm\":1, \"title\":\"Japanese chess (u5c06u68cb) pieces #2634\", \"ispublic\":1, \"isfriend\":0, \"isfamily\":0}]}, \"stat\":\"ok\"})','2010-10-18 13:08:40'),('70b7745ba7a349649bdc165f88862c11','jsonFlickrApi({\"photos\":{\"page\":1, \"pages\":15459, \"perpage\":1, \"total\":\"15459\", \"photo\":[{\"id\":\"4111095603\", \"owner\":\"44723537@N05\", \"secret\":\"35cabe932e\", \"server\":\"2518\", \"farm\":3, \"title\":\"u57fau672cu7528u81a8u8139u87bau7d72\", \"ispublic\":1, \"isfriend\":0, \"isfamily\":0}]}, \"stat\":\"ok\"})','2010-10-18 13:08:40'),('9c866a9864202b5b2ddf23a74cc3fe09','jsonFlickrApi({\"photos\":{\"page\":1, \"pages\":25175, \"perpage\":1, \"total\":\"25175\", \"photo\":[{\"id\":\"4276321938\", \"owner\":\"27406200@N00\", \"secret\":\"40ab0019c3\", \"server\":\"2714\", \"farm\":3, \"title\":\"u5927u65e5u5b50woohoo\", \"ispublic\":1, \"isfriend\":0, \"isfamily\":0}]}, \"stat\":\"ok\"})','2010-10-18 13:08:41'),('2f5f41511cba1462868fe9f06dcc89b7','jsonFlickrApi({\"photos\":{\"page\":1, \"pages\":21647, \"perpage\":1, \"total\":\"21647\", \"photo\":[{\"id\":\"3718852093\", \"owner\":\"55448160@N00\", \"secret\":\"13843b40f1\", \"server\":\"2615\", \"farm\":3, \"title\":\"u7231u7684u544au522bu5f0f\", \"ispublic\":1, \"isfriend\":0, \"isfamily\":0}]}, \"stat\":\"ok\"})','2010-10-18 13:08:41'),('f042d2f1bb9cfae6c1bc919b31e227f1','jsonFlickrApi({\"photos\":{\"page\":1, \"pages\":1420430, \"perpage\":1, \"total\":\"1420430\", \"photo\":[{\"id\":\"466147732\", \"owner\":\"76504836@N00\", \"secret\":\"2909b9908b\", \"server\":\"222\", \"farm\":1, \"title\":\"u4e00u76eeu5343u672c* bottom\", \"ispublic\":1, \"isfriend\":0, \"isfamily\":0}]}, \"stat\":\"ok\"})','2010-10-18 13:08:41'),('900959866cd0cd3307022ff0349fc49d','jsonFlickrApi({\"photos\":{\"page\":1, \"pages\":662, \"perpage\":1, \"total\":\"662\", \"photo\":[{\"id\":\"3989108260\", \"owner\":\"42600491@N07\", \"secret\":\"33c77b4dac\", \"server\":\"2507\", \"farm\":3, \"title\":\"u6bb5u843du7684u666fu7269\", \"ispublic\":1, \"isfriend\":0, \"isfamily\":0}]}, \"stat\":\"ok\"})','2010-10-18 13:08:42'),('755e9f3507d380c715114b6484406f27','jsonFlickrApi({\"photos\":{\"page\":1, \"pages\":9058, \"perpage\":1, \"total\":\"9058\", \"photo\":[{\"id\":\"1423540126\", \"owner\":\"57137125@N00\", \"secret\":\"13c623ddd8\", \"server\":\"1010\", \"farm\":2, \"title\":\"u5269u4e0bu5149u5e74\", \"ispublic\":1, \"isfriend\":0, \"isfamily\":0}]}, \"stat\":\"ok\"})','2010-10-18 13:08:42'),('a319ec1c6bd420e6d80961f9b706c285','jsonFlickrApi({\"photos\":{\"page\":1, \"pages\":161658, \"perpage\":1, \"total\":\"161658\", \"photo\":[{\"id\":\"3487774940\", \"owner\":\"14926768@N05\", \"secret\":\"b83cdf3570\", \"server\":\"3637\", \"farm\":4, \"title\":\"beautiful / kimono / woman / japanese / beauty : geiko (geisha) ichiyuri, kyoto japanu3000u82b8u5993 u5e02u6709u91ccu3055u3093\", \"ispublic\":1, \"isfriend\":0, \"isfamily\":0}]}, \"stat\":\"ok\"})','2010-10-18 13:08:43'),('324714801f6352612a0126be7865c4b0','jsonFlickrApi({\"photos\":{\"page\":1, \"pages\":885622, \"perpage\":1, \"total\":\"885622\", \"photo\":[{\"id\":\"3684112127\", \"owner\":\"9712654@N05\", \"secret\":\"86b2ec8e05\", \"server\":\"2434\", \"farm\":3, \"title\":\"_u89aau611bu7684uff0cu4f60u4e0du7b49u65bcuff61\", \"ispublic\":1, \"isfriend\":0, \"isfamily\":0}]}, \"stat\":\"ok\"})','2010-10-18 13:08:43'),('93492e16435f1e8059996d5375f81fcb','jsonFlickrApi({\"photos\":{\"page\":1, \"pages\":1948, \"perpage\":1, \"total\":\"1948\", \"photo\":[{\"id\":\"4909640834\", \"owner\":\"43032167@N05\", \"secret\":\"ca0272ca69\", \"server\":\"4079\", \"farm\":5, \"title\":\"u7528u6765u6d4bu8bd5flickru90aeu4ef6u4e0au4f20u529fu80fdu7684u6708u4eae\", \"ispublic\":1, \"isfriend\":0, \"isfamily\":0}]}, \"stat\":\"ok\"})','2010-10-18 13:08:43'),('39e8292fbae987ecd6f4f9437b8fc827','jsonFlickrApi({\"photos\":{\"page\":1, \"pages\":19, \"perpage\":1, \"total\":\"19\", \"photo\":[{\"id\":\"167510122\", \"owner\":\"67094155@N00\", \"secret\":\"5f3de56dfc\", \"server\":\"67\", \"farm\":1, \"title\":\"u6d53u5986u8273u62b9\", \"ispublic\":1, \"isfriend\":0, \"isfamily\":0}]}, \"stat\":\"ok\"})','2010-10-18 13:08:44'),('7593a45763cd45d5794d14fbf07a3b25','jsonFlickrApi({\"photos\":{\"page\":1, \"pages\":17, \"perpage\":1, \"total\":\"17\", \"photo\":[{\"id\":\"4995988326\", \"owner\":\"41508777@N02\", \"secret\":\"1d1f8ab3a0\", \"server\":\"4131\", \"farm\":5, \"title\":\"u4f0fu6848u5de5u4f5c\", \"ispublic\":1, \"isfriend\":0, \"isfamily\":0}]}, \"stat\":\"ok\"})','2010-10-18 13:08:44'),('61f721bb99b1eca7cfe89bb38ff233a6','jsonFlickrApi({\"photos\":{\"page\":1, \"pages\":22095, \"perpage\":1, \"total\":\"22095\", \"photo\":[{\"id\":\"4261382266\", \"owner\":\"37786664@N04\", \"secret\":\"f0e2cb4b28\", \"server\":\"4050\", \"farm\":5, \"title\":\"u652fu6301u8005u75dbu7f75u99acu82f1u4e5du4e82u641euff0cu5bb3u9673u9e97u73b2u6557u9078\", \"ispublic\":1, \"isfriend\":0, \"isfamily\":0}]}, \"stat\":\"ok\"})','2010-10-18 13:08:45'),('0f989e0132f309f31c0528c942c2fd73','jsonFlickrApi({\"photos\":{\"page\":1, \"pages\":1882, \"perpage\":1, \"total\":\"1882\", \"photo\":[{\"id\":\"423937773\", \"owner\":\"31852450@N00\", \"secret\":\"2326a5fa41\", \"server\":\"160\", \"farm\":1, \"title\":\"u51fau95e8u89c1u559c\", \"ispublic\":1, \"isfriend\":0, \"isfamily\":0}]}, \"stat\":\"ok\"})','2010-10-18 13:08:45'),('81ed6b4edf3eefd4e9a652283ef2378e','jsonFlickrApi({\"photos\":{\"page\":1, \"pages\":1476045, \"perpage\":1, \"total\":\"1476045\", \"photo\":[{\"id\":\"2417860441\", \"owner\":\"14926768@N05\", \"secret\":\"5bf04ffe9d\", \"server\":\"3181\", \"farm\":4, \"title\":\"japanese / fan / dance / yellow / butterfly kanzashi : maiko (geisha apprentice) kyoto, japanu3000u821eu5993 u5c0fu4e4bu7f8eu3055u3093\", \"ispublic\":1, \"isfriend\":0, \"isfamily\":0}]}, \"stat\":\"ok\"})','2010-10-18 13:08:45'),('575ed8b4112fbeaac271190af3584222','jsonFlickrApi({\"photos\":{\"page\":1, \"pages\":178594, \"perpage\":1, \"total\":\"178594\", \"photo\":[{\"id\":\"3875013190\", \"owner\":\"27987489@N05\", \"secret\":\"78cecc8a4c\", \"server\":\"2481\", \"farm\":3, \"title\":\"Changi Village Photowalk - u4e24u53eau5c0fu9e1f\", \"ispublic\":1, \"isfriend\":0, \"isfamily\":0}]}, \"stat\":\"ok\"})','2010-10-18 13:08:46'),('c0d692790160242b5e6b423c8ee082d2','jsonFlickrApi({\"photos\":{\"page\":1, \"pages\":4041, \"perpage\":1, \"total\":\"4041\", \"photo\":[{\"id\":\"4191703551\", \"owner\":\"29293493@N07\", \"secret\":\"e041797635\", \"server\":\"2692\", \"farm\":3, \"title\":\"u6d77u6d0bu521bu4f5cu57fau5730u4e2du5b66\", \"ispublic\":1, \"isfriend\":0, \"isfamily\":0}]}, \"stat\":\"ok\"})','2010-10-18 13:08:46'),('ee70c92ce500b824bed9e09a332407ec','jsonFlickrApi({\"photos\":{\"page\":1, \"pages\":233693, \"perpage\":1, \"total\":\"233693\", \"photo\":[{\"id\":\"462951603\", \"owner\":\"84629454@N00\", \"secret\":\"3a1df36314\", \"server\":\"247\", \"farm\":1, \"title\":\"u6b69u884cu8005u7528u6a2au578bu4fe1u53f7u6a5fu3000pedestrian horizontal trafic signal\", \"ispublic\":1, \"isfriend\":0, \"isfamily\":0}]}, \"stat\":\"ok\"})','2010-10-18 13:08:47'),('116d88dae86f63f38531994dc7bba02e','jsonFlickrApi({\"photos\":{\"page\":1, \"pages\":175816, \"perpage\":1, \"total\":\"175816\", \"photo\":[{\"id\":\"3153121497\", \"owner\":\"9693593@N04\", \"secret\":\"bf3289403f\", \"server\":\"3213\", \"farm\":4, \"title\":\"u82e6u5c3du7518u6765! BETTER!\", \"ispublic\":1, \"isfriend\":0, \"isfamily\":0}]}, \"stat\":\"ok\"})','2010-10-18 13:08:47'),('ec45565b5412bd5abbf24c9c1fdddfba','jsonFlickrApi({\"photos\":{\"page\":1, \"pages\":3488, \"perpage\":1, \"total\":\"3488\", \"photo\":[{\"id\":\"634167702\", \"owner\":\"60312252@N00\", \"secret\":\"5bc61da04b\", \"server\":\"1335\", \"farm\":2, \"title\":\".u6c99u7058u7f8eu5973u2026u65e5u5149u6d74\", \"ispublic\":1, \"isfriend\":0, \"isfamily\":0}]}, \"stat\":\"ok\"})','2010-10-18 13:08:47'),('ef14a8ec4f0775c735ebf712f5be68ea','jsonFlickrApi({\"photos\":{\"page\":1, \"pages\":1768, \"perpage\":1, \"total\":\"1768\", \"photo\":[{\"id\":\"2826200773\", \"owner\":\"29081769@N08\", \"secret\":\"afa01960bc\", \"server\":\"3257\", \"farm\":4, \"title\":\"080901u6211u4eecu51fau6765u6652u592au9633\", \"ispublic\":1, \"isfriend\":0, \"isfamily\":0}]}, \"stat\":\"ok\"})','2010-10-18 13:08:48'),('42bb8583afde8b6fcb89a6d3d36e1610','jsonFlickrApi({\"photos\":{\"page\":1, \"pages\":4110, \"perpage\":1, \"total\":\"4110\", \"photo\":[{\"id\":\"23474831\", \"owner\":\"94323258@N00\", \"secret\":\"93a6581e78\", \"server\":\"18\", \"farm\":1, \"title\":\"u4e24u53eau5728u8ebau7740u7761u89c9u7684u4ed3u9f20\", \"ispublic\":1, \"isfriend\":0, \"isfamily\":0}]}, \"stat\":\"ok\"})','2010-10-18 13:08:48'),('a03d214e86f2f834f11ff4c6197405fd','jsonFlickrApi({\"photos\":{\"page\":1, \"pages\":420683, \"perpage\":1, \"total\":\"420683\", \"photo\":[{\"id\":\"4611981290\", \"owner\":\"46038114@N03\", \"secret\":\"6569b16c43\", \"server\":\"3320\", \"farm\":4, \"title\":\"u7267u5e08uff1au4e00u751fu4e2du770bu8fc7u7684u6700u7cbeu5f69u6f14u51fa\", \"ispublic\":1, \"isfriend\":0, \"isfamily\":0}]}, \"stat\":\"ok\"})','2010-10-18 13:08:48'),('a68bd0341ef0bf89dce959f6e6b362f2','jsonFlickrApi({\"photos\":{\"page\":1, \"pages\":23991, \"perpage\":1, \"total\":\"23991\", \"photo\":[{\"id\":\"4157287183\", \"owner\":\"24992828@N03\", \"secret\":\"42896a2b8e\", \"server\":\"2653\", \"farm\":3, \"title\":\"u9802u7d1au571fu8033u5176u98a8vipu5927u8857u60c5u8da3spau871cu6708u623fu52a0u5927u6309u6469u6d74u7f38u871cu6708u623froom-080\", \"ispublic\":1, \"isfriend\":0, \"isfamily\":0}]}, \"stat\":\"ok\"})','2010-10-18 13:08:49'),('309e2afde6c847b192202b3ede774d13','jsonFlickrApi({\"photos\":{\"page\":1, \"pages\":1120, \"perpage\":1, \"total\":\"1120\", \"photo\":[{\"id\":\"399700713\", \"owner\":\"71267815@N00\", \"secret\":\"a6276e6f97\", \"server\":\"185\", \"farm\":1, \"title\":\"u53d1u5446\", \"ispublic\":1, \"isfriend\":0, \"isfamily\":0}]}, \"stat\":\"ok\"})','2010-10-18 13:08:49'),('7b91c7a25c68577f5397f66eaf42ae06','jsonFlickrApi({\"photos\":{\"page\":1, \"pages\":817194, \"perpage\":1, \"total\":\"817194\", \"photo\":[{\"id\":\"3447974318\", \"owner\":\"57317163@N00\", \"secret\":\"072927b501\", \"server\":\"3555\", \"farm\":4, \"title\":\"u9014u4e0au7684u6200u4eba. Lovers on their journey\", \"ispublic\":1, \"isfriend\":0, \"isfamily\":0}]}, \"stat\":\"ok\"})','2010-10-18 13:08:50'),('348c277290a9a37ab012fd2af60055cb','jsonFlickrApi({\"photos\":{\"page\":1, \"pages\":752, \"perpage\":1, \"total\":\"752\", \"photo\":[{\"id\":\"4628525484\", \"owner\":\"96859302@N00\", \"secret\":\"7723eeba72\", \"server\":\"4001\", \"farm\":5, \"title\":\"u6765u6765u4ead\", \"ispublic\":1, \"isfriend\":0, \"isfamily\":0}]}, \"stat\":\"ok\"})','2010-10-18 13:08:50'),('87e3c0d6641bcb1138a7ae6fb33d0759','jsonFlickrApi({\"photos\":{\"page\":1, \"pages\":5880, \"perpage\":1, \"total\":\"5880\", \"photo\":[{\"id\":\"3650132838\", \"owner\":\"45673321@N00\", \"secret\":\"ef10c184c6\", \"server\":\"2426\", \"farm\":3, \"title\":\"u7121u6cd5u653eu7a7a\", \"ispublic\":1, \"isfriend\":0, \"isfamily\":0}]}, \"stat\":\"ok\"})','2010-10-18 13:08:50'),('f7d4226197b048ac9418e221cdec30ea','jsonFlickrApi({\"photos\":{\"page\":1, \"pages\":98209, \"perpage\":1, \"total\":\"98209\", \"photo\":[{\"id\":\"2199923808\", \"owner\":\"78704656@N00\", \"secret\":\"e68b03cda3\", \"server\":\"2398\", \"farm\":3, \"title\":\"JR train.to osaka.JRu9435u8def.u5f80u5927u962a\", \"ispublic\":1, \"isfriend\":0, \"isfamily\":0}]}, \"stat\":\"ok\"})','2010-10-18 13:08:51'),('a6a053129639cfb6a659a796f067ef13','jsonFlickrApi({\"photos\":{\"page\":1, \"pages\":19335, \"perpage\":1, \"total\":\"19335\", \"photo\":[{\"id\":\"4271070329\", \"owner\":\"46167123@N02\", \"secret\":\"716cf63180\", \"server\":\"4037\", \"farm\":5, \"title\":\"u6fb3u6d32u6cd5u8f6eu529fu5b66u5458u4e3eu884cu5927u578bu7ec4u5b57u6d3bu52a8\", \"ispublic\":1, \"isfriend\":0, \"isfamily\":0}]}, \"stat\":\"ok\"})','2010-10-18 13:08:51'),('7c3414ee5d66d7f84fcfe3cf01bdc138','jsonFlickrApi({\"photos\":{\"page\":1, \"pages\":15296, \"perpage\":1, \"total\":\"15296\", \"photo\":[{\"id\":\"4497182540\", \"owner\":\"48005700@N04\", \"secret\":\"860aae0082\", \"server\":\"2790\", \"farm\":3, \"title\":\"u6fb3u6d32u63a7u8bc9u6c5fu6cfdu6c11u4e0au8bc9u6848u6b63u5f0fu5ba1u7406u65e5u671fu5df2u5b9a\", \"ispublic\":1, \"isfriend\":0, \"isfamily\":0}]}, \"stat\":\"ok\"})','2010-10-18 13:08:51'),('0bc6d9e6bd12c8f6c691e0e850ab0c51','jsonFlickrApi({\"photos\":{\"page\":1, \"pages\":1073467, \"perpage\":1, \"total\":\"1073467\", \"photo\":[{\"id\":\"427718118\", \"owner\":\"91267058@N00\", \"secret\":\"8090890d97\", \"server\":\"147\", \"farm\":1, \"title\":\"u884cu661fu88fdu9020u4eba The planets  maker\", \"ispublic\":1, \"isfriend\":0, \"isfamily\":0}]}, \"stat\":\"ok\"})','2010-10-18 13:08:52'),('4fd6d72605f618a923701028693fca10','jsonFlickrApi({\"photos\":{\"page\":1, \"pages\":13090, \"perpage\":1, \"total\":\"13090\", \"photo\":[{\"id\":\"4416600297\", \"owner\":\"46038114@N03\", \"secret\":\"0dbe46e006\", \"server\":\"2721\", \"farm\":3, \"title\":\"u8457u540du798fu97f3u6b4cu5531u5bb6u5df2u5f00u59cbu671fu76fcu660eu5e74u795eu97f5u6f14u51fa\", \"ispublic\":1, \"isfriend\":0, \"isfamily\":0}]}, \"stat\":\"ok\"})','2010-10-18 13:08:52'),('eec2e0ffbd46405a58c675454bc73563','jsonFlickrApi({\"photos\":{\"page\":1, \"pages\":67037, \"perpage\":1, \"total\":\"67037\", \"photo\":[{\"id\":\"3209313591\", \"owner\":\"97354098@N00\", \"secret\":\"4da3914f58\", \"server\":\"3089\", \"farm\":4, \"title\":\"u5e74u8f15u4e0du8981u7559u767d\", \"ispublic\":1, \"isfriend\":0, \"isfamily\":0}]}, \"stat\":\"ok\"})','2010-10-18 13:08:53'),('ba322b2d6f6aa4e66f2d9c5a436768b1','jsonFlickrApi({\"photos\":{\"page\":1, \"pages\":13113, \"perpage\":1, \"total\":\"13113\", \"photo\":[{\"id\":\"2604571400\", \"owner\":\"55448160@N00\", \"secret\":\"095bf77c2c\", \"server\":\"2354\", \"farm\":3, \"title\":\"u8046u542cu590fu5929u7684u58f0u97f3\", \"ispublic\":1, \"isfriend\":0, \"isfamily\":0}]}, \"stat\":\"ok\"})','2010-10-18 13:08:53'),('9cfeda97cfe37754d815c8952910789d','jsonFlickrApi({\"photos\":{\"page\":1, \"pages\":304, \"perpage\":1, \"total\":\"304\", \"photo\":[{\"id\":\"3742517180\", \"owner\":\"8124324@N02\", \"secret\":\"d0648afecf\", \"server\":\"2586\", \"farm\":3, \"title\":\"u8fc8u5411u5febu3001u9ad8u3001u51c6u3001u5f3au7684u5883u754cu5e94u8be5u6c38u8fdcu662fu6211u4eecu6bcfu4f4du6c11u65cfu7684u9996u8981u4efbu52a1u4e0eu7b2cu4e00u4f7fu547dBeware Of This Life Threatening Evidence In Long Run Perspective\", \"ispublic\":1, \"isfriend\":0, \"isfamily\":0}]}, \"stat\":\"ok\"})','2010-10-18 13:08:53'),('688afda6efc87996b6b90cc9a8c91939','jsonFlickrApi({\"photos\":{\"page\":1, \"pages\":21826, \"perpage\":1, \"total\":\"21826\", \"photo\":[{\"id\":\"4931596777\", \"owner\":\"46038114@N03\", \"secret\":\"6b8e99ed8f\", \"server\":\"4138\", \"farm\":5, \"title\":\"u53e3u7891u5f15u66f4u591au534eu5e9cu653fu8981u770bu795eu97f5 u8d5eu6cd5u8f6eu529fu8d85u8d8au82e6u96be\", \"ispublic\":1, \"isfriend\":0, \"isfamily\":0}]}, \"stat\":\"ok\"})','2010-10-18 13:08:54'),('15cb7090c8e2f25b624f71262a00f208','jsonFlickrApi({\"photos\":{\"page\":1, \"pages\":1609631, \"perpage\":1, \"total\":\"1609631\", \"photo\":[{\"id\":\"3124498490\", \"owner\":\"9712654@N05\", \"secret\":\"645e375a15\", \"server\":\"3114\", \"farm\":4, \"title\":\"_What Love is...u2502u611bu662f...\", \"ispublic\":1, \"isfriend\":0, \"isfamily\":0}]}, \"stat\":\"ok\"})','2010-10-18 13:08:54'),('d9bb48ff541bb956bc5b1cc2e63a1fcd','jsonFlickrApi({\"photos\":{\"page\":1, \"pages\":15312, \"perpage\":1, \"total\":\"15312\", \"photo\":[{\"id\":\"4532180165\", \"owner\":\"45986643@N07\", \"secret\":\"4d5d48922e\", \"server\":\"2794\", \"farm\":3, \"title\":\"u300cu4ebau9593u6700u7f8eu7684u4e8bu60c5u300d  u53f0u4e2du9023u4e09u5834u7206u6eff\", \"ispublic\":1, \"isfriend\":0, \"isfamily\":0}]}, \"stat\":\"ok\"})','2010-10-18 13:08:55'),('e6ea33e10f9b99a3c7c885c7924d4c29','jsonFlickrApi({\"photos\":{\"page\":1, \"pages\":3062, \"perpage\":1, \"total\":\"3062\", \"photo\":[{\"id\":\"4798926870\", \"owner\":\"46886728@N00\", \"secret\":\"40aaef2bbb\", \"server\":\"4102\", \"farm\":5, \"title\":\"u7947u5712u796d u5bb5u3005u5c71 u653eu4e0bu927e\", \"ispublic\":1, \"isfriend\":0, \"isfamily\":0}]}, \"stat\":\"ok\"})','2010-10-18 13:08:55'),('b09c822754903881850190b5371e21bd','jsonFlickrApi({\"photos\":{\"page\":1, \"pages\":5144, \"perpage\":1, \"total\":\"5144\", \"photo\":[{\"id\":\"3159164770\", \"owner\":\"31381030@N07\", \"secret\":\"e11539531f\", \"server\":\"3119\", \"farm\":4, \"title\":\"u2588 u2588 u2588 u2588 u2588 u2588 u2588u5e1du56fdu306eu30ecu30b3u30fcu30c9 http://ada86t.51.com |u2121u8150 u70c2 u7684 u8fc7 u53bb , u5b89 u9759 u7684 u5206 u89e3 .\", \"ispublic\":1, \"isfriend\":0, \"isfamily\":0}]}, \"stat\":\"ok\"})','2010-10-18 13:08:56'),('22f4a9733e5a18d6b378c03ef5c1c059','jsonFlickrApi({\"photos\":{\"page\":1, \"pages\":62804, \"perpage\":1, \"total\":\"62804\", \"photo\":[{\"id\":\"4384979316\", \"owner\":\"46038114@N03\", \"secret\":\"a264377430\", \"server\":\"4022\", \"farm\":5, \"title\":\"u7f8eu672fu8bbeu8ba1u5e08uff1au5bfbu627eu4e2du534eu6587u5316u7684u6839\", \"ispublic\":1, \"isfriend\":0, \"isfamily\":0}]}, \"stat\":\"ok\"})','2010-10-18 13:08:56'),('c77fa52b8325b08624957e2372db3e94','jsonFlickrApi({\"photos\":{\"page\":1, \"pages\":38020, \"perpage\":1, \"total\":\"38020\", \"photo\":[{\"id\":\"4866343506\", \"owner\":\"46038114@N03\", \"secret\":\"235dfe13c7\", \"server\":\"4100\", \"farm\":5, \"title\":\"u201cu6240u6709u8fbeu798fu5730u533au7684u5c45u6c11u90fdu8be5u6765u770bu795eu97f5u201d\", \"ispublic\":1, \"isfriend\":0, \"isfamily\":0}]}, \"stat\":\"ok\"})','2010-10-18 13:08:57'),('a913fdacfcb8662b1e153baff42ba0d0','jsonFlickrApi({\"photos\":{\"page\":1, \"pages\":34434, \"perpage\":1, \"total\":\"34434\", \"photo\":[{\"id\":\"162938552\", \"owner\":\"97633818@N00\", \"secret\":\"0b2114f5af\", \"server\":\"73\", \"farm\":1, \"title\":\"u6c38u7e8cu6821u5712_u52a0u5165u68eeu6797u5340u4e2du4e00u4e9bu53e4u8fb2u5177u4ee5u548cu7576u5730u793eu5340u74b0u5883u6577u5730u5c0du61c9u3002\", \"ispublic\":1, \"isfriend\":0, \"isfamily\":0}]}, \"stat\":\"ok\"})','2010-10-18 13:08:57'),('d84dbbcee8c05f9127b4f5047d32522f','jsonFlickrApi({\"photos\":{\"page\":1, \"pages\":10809, \"perpage\":1, \"total\":\"10809\", \"photo\":[{\"id\":\"4540578484\", \"owner\":\"49181208@N02\", \"secret\":\"f4fd0b7f4b\", \"server\":\"4009\", \"farm\":5, \"title\":\"u3010u7b2cu4e03u8bfeu3011u7b80u5355u6eb6u56feu65b9u6cd5\", \"ispublic\":1, \"isfriend\":0, \"isfamily\":0}]}, \"stat\":\"ok\"})','2010-10-18 13:08:57'),('31279ade780a828262fa1fb5d821cabe','jsonFlickrApi({\"photos\":{\"page\":1, \"pages\":13200, \"perpage\":1, \"total\":\"13200\", \"photo\":[{\"id\":\"340157854\", \"owner\":\"59297909@N00\", \"secret\":\"222ec29728\", \"server\":\"140\", \"farm\":1, \"title\":\"Bonne annu00e9e 2007 - Happy new year - u65b0u5e74u5febu4e50\", \"ispublic\":1, \"isfriend\":0, \"isfamily\":0}]}, \"stat\":\"ok\"})','2010-10-18 13:08:58'),('92a9d92e4caa35c55dbf48ebb5f6f7cf','jsonFlickrApi({\"photos\":{\"page\":1, \"pages\":9676, \"perpage\":1, \"total\":\"9676\", \"photo\":[{\"id\":\"2877958585\", \"owner\":\"14370563@N05\", \"secret\":\"ed43c9c122\", \"server\":\"3204\", \"farm\":4, \"title\":\"u53f6u6566u9e3f - u90a3u4e2au75afu72c2u7684u4eba\", \"ispublic\":1, \"isfriend\":0, \"isfamily\":0}]}, \"stat\":\"ok\"})','2010-10-18 13:08:58'),('aaafab7be4c6cac529798637247dcbbc','jsonFlickrApi({\"photos\":{\"page\":1, \"pages\":1604, \"perpage\":1, \"total\":\"1604\", \"photo\":[{\"id\":\"4272921252\", \"owner\":\"28913038@N00\", \"secret\":\"f99091643b\", \"server\":\"4045\", \"farm\":5, \"title\":\"u6bd4u5982u5728u9999u6e2fu4e16u754cu4e0au6700u4f1fu5927u7684u5efau7b51u4e4bu4e00u3002\", \"ispublic\":1, \"isfriend\":0, \"isfamily\":0}]}, \"stat\":\"ok\"})','2010-10-18 13:08:58'),('0d72abc62a43736c8d983435358f6002','jsonFlickrApi({\"photos\":{\"page\":1, \"pages\":22789, \"perpage\":1, \"total\":\"22789\", \"photo\":[{\"id\":\"3967477251\", \"owner\":\"36634147@N08\", \"secret\":\"d4e4fe85af\", \"server\":\"2473\", \"farm\":3, \"title\":\"u4e3bu8981IDEu901au9053u5167u5bb9\", \"ispublic\":1, \"isfriend\":0, \"isfamily\":0}]}, \"stat\":\"ok\"})','2010-10-18 13:08:59'),('4d3adb795c033754c4357f2ffb1ead02','jsonFlickrApi({\"photos\":{\"page\":1, \"pages\":342313, \"perpage\":1, \"total\":\"342313\", \"photo\":[{\"id\":\"2331248760\", \"owner\":\"9693593@N04\", \"secret\":\"304428806a\", \"server\":\"3026\", \"farm\":4, \"title\":\"u4f60u5403u8549u5566....!\", \"ispublic\":1, \"isfriend\":0, \"isfamily\":0}]}, \"stat\":\"ok\"})','2010-10-18 13:08:59'),('f301e9a59387a25c8adc8d7d6a6675cb','jsonFlickrApi({\"photos\":{\"page\":1, \"pages\":76303, \"perpage\":1, \"total\":\"76303\", \"photo\":[{\"id\":\"3410001749\", \"owner\":\"44843237@N00\", \"secret\":\"8a98aedf7c\", \"server\":\"3348\", \"farm\":4, \"title\":\"0306u9ea5u7576u52deu559du5149u7684u62ffu9435Latteu4e39u7433 u518du5fd9u4e5fu8981u8ddfu4f60u4e00u8d77u559du676fu5496u5561u3000u9ea5u7576u52de u66f8u7c64 u5496u5561 u62ffu9435 u5d07u5fb7u4e8cu5e97 u53f0u4e2d u62c9u82b1 u9ad8u624b\", \"ispublic\":1, \"isfriend\":0, \"isfamily\":0}]}, \"stat\":\"ok\"})','2010-10-18 13:09:00'),('c429eb95cad2d14695bd877185c4f14f','jsonFlickrApi({\"photos\":{\"page\":1, \"pages\":10934, \"perpage\":1, \"total\":\"10934\", \"photo\":[{\"id\":\"4591168651\", \"owner\":\"45986643@N07\", \"secret\":\"157183457c\", \"server\":\"4024\", \"farm\":5, \"title\":\"u5546u696du7d93u7406uff1au65b9u65b9u9762u9762u90fdu5b8cu7f8eu7121u7f3a\", \"ispublic\":1, \"isfriend\":0, \"isfamily\":0}]}, \"stat\":\"ok\"})','2010-10-18 13:09:00'),('93488d573226aae6c58da3ef559debac','jsonFlickrApi({\"photos\":{\"page\":1, \"pages\":2594, \"perpage\":1, \"total\":\"2594\", \"photo\":[{\"id\":\"4626363555\", \"owner\":\"46038114@N03\", \"secret\":\"e699c3f10e\", \"server\":\"4019\", \"farm\":5, \"title\":\"u795eu97f5u8ba9u6211u4eecu91cdu65b0u8ba4u8bc6u4e2du56fd\", \"ispublic\":1, \"isfriend\":0, \"isfamily\":0}]}, \"stat\":\"ok\"})','2010-10-18 13:09:00'),('565b024bcd0ecef077159f62ef68dc08','jsonFlickrApi({\"photos\":{\"page\":1, \"pages\":122875, \"perpage\":1, \"total\":\"122875\", \"photo\":[{\"id\":\"3173239010\", \"owner\":\"30104950@N05\", \"secret\":\"2efb7ea994\", \"server\":\"3370\", \"farm\":4, \"title\":\"u4e0du662fu5564u9152\", \"ispublic\":1, \"isfriend\":0, \"isfamily\":0}]}, \"stat\":\"ok\"})','2010-10-18 13:09:01'),('3597ad8c9f305a7cb6396288ae77aae0','jsonFlickrApi({\"photos\":{\"page\":1, \"pages\":23271, \"perpage\":1, \"total\":\"23271\", \"photo\":[{\"id\":\"4188142666\", \"owner\":\"43533145@N05\", \"secret\":\"c4ed6aa8b5\", \"server\":\"2659\", \"farm\":3, \"title\":\"u300au651du5370u6709u54a9u597du73a9u300bCanon G11u76f8u67b6\", \"ispublic\":1, \"isfriend\":0, \"isfamily\":0}]}, \"stat\":\"ok\"})','2010-10-18 13:09:01'),('23a022c521c965cd2dc4ef776166e9f0','jsonFlickrApi({\"photos\":{\"page\":1, \"pages\":31212, \"perpage\":1, \"total\":\"31212\", \"photo\":[{\"id\":\"4472726563\", \"owner\":\"45986643@N07\", \"secret\":\"e83aed6405\", \"server\":\"4036\", \"farm\":5, \"title\":\"u524du7e3du7d93u7406uff1au821eu81fau8868u6f14u5982u96fbu5f71u4e00u822c\", \"ispublic\":1, \"isfriend\":0, \"isfamily\":0}]}, \"stat\":\"ok\"})','2010-10-18 13:09:05'),('d705dd524cd43e908f36d047d52194d8','jsonFlickrApi({\"photos\":{\"page\":1, \"pages\":71516, \"perpage\":1, \"total\":\"71516\", \"photo\":[{\"id\":\"470520838\", \"owner\":\"28913038@N00\", \"secret\":\"efb9d93f26\", \"server\":\"186\", \"farm\":1, \"title\":\"u82b1u513f\", \"ispublic\":1, \"isfriend\":0, \"isfamily\":0}]}, \"stat\":\"ok\"})','2010-10-18 13:09:05'),('8267476caebfea203f80e9b52f362573','jsonFlickrApi({\"photos\":{\"page\":1, \"pages\":61000, \"perpage\":1, \"total\":\"61000\", \"photo\":[{\"id\":\"2860267236\", \"owner\":\"29150265@N06\", \"secret\":\"a013ddc547\", \"server\":\"3119\", \"farm\":4, \"title\":\"u636eu8bf4u662fu4e0au6d77u7684u4e00u4e2au6700u6f02u4eaeu7684u4ebau5996\", \"ispublic\":1, \"isfriend\":0, \"isfamily\":0}]}, \"stat\":\"ok\"})','2010-10-18 13:09:06'),('3846a8d0d3ca746494dd68b8aef73fb4','jsonFlickrApi({\"photos\":{\"page\":1, \"pages\":1073466, \"perpage\":1, \"total\":\"1073466\", \"photo\":[{\"id\":\"427718118\", \"owner\":\"91267058@N00\", \"secret\":\"8090890d97\", \"server\":\"147\", \"farm\":1, \"title\":\"u884cu661fu88fdu9020u4eba The planets  maker\", \"ispublic\":1, \"isfriend\":0, \"isfamily\":0}]}, \"stat\":\"ok\"})','2010-10-18 13:09:07'),('1a648a66ab8124bad482a5a37f6b5fa9','jsonFlickrApi({\"photos\":{\"page\":1, \"pages\":181440, \"perpage\":1, \"total\":\"181440\", \"photo\":[{\"id\":\"4515063814\", \"owner\":\"45986643@N07\", \"secret\":\"40c34e441a\", \"server\":\"4034\", \"farm\":5, \"title\":\"u9ad8u96c4u7e23u9577u694au79cbu8208uff1au6211u771fu7684u773cu6ddau5febu6d41u51fau4f86u4e86\", \"ispublic\":1, \"isfriend\":0, \"isfamily\":0}]}, \"stat\":\"ok\"})','2010-10-18 13:09:08'),('ff62e1f2af5e7fe31a2229606175eb43','jsonFlickrApi({\"photos\":{\"page\":1, \"pages\":250, \"perpage\":1, \"total\":\"250\", \"photo\":[{\"id\":\"4425592324\", \"owner\":\"40754201@N00\", \"secret\":\"7d059e4b08\", \"server\":\"4002\", \"farm\":5, \"title\":\"u53c8u88abu902eu4e86uff01uff01\", \"ispublic\":1, \"isfriend\":0, \"isfamily\":0}]}, \"stat\":\"ok\"})','2010-10-18 13:09:09'),('82db9841c26aa797b808740d6268f189','jsonFlickrApi({\"photos\":{\"page\":1, \"pages\":740863, \"perpage\":1, \"total\":\"740863\", \"photo\":[{\"id\":\"2664565358\", \"owner\":\"9712654@N05\", \"secret\":\"c894076bda\", \"server\":\"3126\", \"farm\":4, \"title\":\"_u6700u597du7684 u6642u5149uff61\", \"ispublic\":1, \"isfriend\":0, \"isfamily\":0}]}, \"stat\":\"ok\"})','2010-10-18 13:09:09'),('60bb87c304936bb1c903b90e25fb70ee','jsonFlickrApi({\"photos\":{\"page\":1, \"pages\":11544, \"perpage\":1, \"total\":\"11544\", \"photo\":[{\"id\":\"2430967157\", \"owner\":\"8552767@N02\", \"secret\":\"c5b34904ae\", \"server\":\"2393\", \"farm\":3, \"title\":\"u5c55u94edu7684u5185u5fc3u72ecu767duff0cu8c01u4e86u89e3u6211u5185u5fc3u7684u4e16u754cuff01uff01uff01\", \"ispublic\":1, \"isfriend\":0, \"isfamily\":0}]}, \"stat\":\"ok\"})','2010-10-18 13:09:13'),('2e402d6103a3443c4ceb2eb5577106a8','jsonFlickrApi({\"photos\":{\"page\":1, \"pages\":36200, \"perpage\":1, \"total\":\"36200\", \"photo\":[{\"id\":\"4397591623\", \"owner\":\"14212547@N05\", \"secret\":\"a4a5ed997b\", \"server\":\"4065\", \"farm\":5, \"title\":\"u8dd1u4e00u6574u5929uff0cu6709u5920u7d2fuff01\", \"ispublic\":1, \"isfriend\":0, \"isfamily\":0}]}, \"stat\":\"ok\"})','2010-10-18 13:09:14'),('49da821c10538dc802ae030e8658d03e','jsonFlickrApi({\"photos\":{\"page\":1, \"pages\":519809, \"perpage\":1, \"total\":\"519809\", \"photo\":[{\"id\":\"3632235913\", \"owner\":\"57317163@N00\", \"secret\":\"7cfc5a2044\", \"server\":\"2439\", \"farm\":3, \"title\":\"u6211u548cu65b0u60c5u4eba3.5Fu51fau53bbu73a9u4e86 SP with my new lover 3.5F\", \"ispublic\":1, \"isfriend\":0, \"isfamily\":0}]}, \"stat\":\"ok\"})','2010-10-18 13:09:15'),('5334c0d17aef188bf107e61c22887ee5','jsonFlickrApi({\"photos\":{\"page\":1, \"pages\":182005, \"perpage\":1, \"total\":\"182005\", \"photo\":[{\"id\":\"4549026085\", \"owner\":\"30404849@N04\", \"secret\":\"5b24092d0d\", \"server\":\"4019\", \"farm\":5, \"title\":\"u5febu4f86u7167u50cfu554a!  u5916u6728u5c71\", \"ispublic\":1, \"isfriend\":0, \"isfamily\":0}]}, \"stat\":\"ok\"})','2010-10-18 13:09:15'),('14c23e2535d8c8fa4dc0aae6618d9a1d','jsonFlickrApi({\"photos\":{\"page\":1, \"pages\":2, \"perpage\":1, \"total\":\"2\", \"photo\":[{\"id\":\"3244126322\", \"owner\":\"31749257@N06\", \"secret\":\"2a2fd5b94d\", \"server\":\"3418\", \"farm\":4, \"title\":\"u4fe9u4e00u6837u7684u676fu5b50uff0cu6211u7684u8ba9u6211u843du5728u5927u8fdeu7f51u5427u91ccu4e86\", \"ispublic\":1, \"isfriend\":0, \"isfamily\":0}]}, \"stat\":\"ok\"})','2010-10-18 13:09:15'),('90302cd5b772b60f229a5d598a7400f2','jsonFlickrApi({\"photos\":{\"page\":1, \"pages\":30117, \"perpage\":1, \"total\":\"30117\", \"photo\":[{\"id\":\"3636515358\", \"owner\":\"31751301@N03\", \"secret\":\"e7806c10cb\", \"server\":\"3605\", \"farm\":4, \"title\":\"90.u6bcfu5929u90fdu8981u5403u98ef\", \"ispublic\":1, \"isfriend\":0, \"isfamily\":0}]}, \"stat\":\"ok\"})','2010-10-18 13:09:16'),('7c82fd33d1488800089fa16d87aabe97','jsonFlickrApi({\"photos\":{\"page\":1, \"pages\":3943, \"perpage\":1, \"total\":\"3943\", \"photo\":[{\"id\":\"3023186831\", \"owner\":\"32302978@N03\", \"secret\":\"b643034270\", \"server\":\"3186\", \"farm\":4, \"title\":\"u601du4eb2u80a4u5357u74dcu725bu5976u5ae9u767du5316u5986u6c34\", \"ispublic\":1, \"isfriend\":0, \"isfamily\":0}]}, \"stat\":\"ok\"})','2010-10-18 13:09:16'),('80061d95d7ec87a763dac95ff31a2b77','jsonFlickrApi({\"photos\":{\"page\":1, \"pages\":22718, \"perpage\":1, \"total\":\"22718\", \"photo\":[{\"id\":\"2985841026\", \"owner\":\"12642295@N08\", \"secret\":\"2747897920\", \"server\":\"3206\", \"farm\":4, \"title\":\"u4f8fu5112u9354u5f04u8776 Aeromachus pygmaeus (Pigmy Scrub Hopper)\", \"ispublic\":1, \"isfriend\":0, \"isfamily\":0}]}, \"stat\":\"ok\"})','2010-10-18 13:09:16'),('3c966d9436a06894d81c969c42e8214e','jsonFlickrApi({\"photos\":{\"page\":1, \"pages\":29316, \"perpage\":1, \"total\":\"29316\", \"photo\":[{\"id\":\"4608592520\", \"owner\":\"31496263@N00\", \"secret\":\"c320538e17\", \"server\":\"1284\", \"farm\":2, \"title\":\"Mimiu901bu5927u8857\", \"ispublic\":1, \"isfriend\":0, \"isfamily\":0}]}, \"stat\":\"ok\"})','2010-10-18 13:09:17'),('396698a4f2b19e882419d8ee87c38393','jsonFlickrApi({\"photos\":{\"page\":1, \"pages\":3533, \"perpage\":1, \"total\":\"3533\", \"photo\":[{\"id\":\"3998587476\", \"owner\":\"43388214@N06\", \"secret\":\"b636db259e\", \"server\":\"2675\", \"farm\":3, \"title\":\"u9ed1u5934u53d1\", \"ispublic\":1, \"isfriend\":0, \"isfamily\":0}]}, \"stat\":\"ok\"})','2010-10-18 13:09:17'),('8c5c5d7cf1d2f18c83427c9ae86f733c','jsonFlickrApi({\"photos\":{\"page\":1, \"pages\":11297, \"perpage\":1, \"total\":\"11297\", \"photo\":[{\"id\":\"4989494211\", \"owner\":\"40641977@N05\", \"secret\":\"2e476fe5ed\", \"server\":\"4083\", \"farm\":5, \"title\":\"u6211u4ecau5929u53bbu4e86u8d85u5e02\", \"ispublic\":1, \"isfriend\":0, \"isfamily\":0}]}, \"stat\":\"ok\"})','2010-10-18 13:09:17'),('e05c9689ccd0019512dbd30e51f55f94','jsonFlickrApi({\"photos\":{\"page\":1, \"pages\":113, \"perpage\":1, \"total\":\"113\", \"photo\":[{\"id\":\"3312932513\", \"owner\":\"35339178@N08\", \"secret\":\"d793576a3e\", \"server\":\"3472\", \"farm\":4, \"title\":\"u6309u65f6u7684u7b49u5f85\", \"ispublic\":1, \"isfriend\":0, \"isfamily\":0}]}, \"stat\":\"ok\"})','2010-10-18 13:09:18'),('89d2c3102a224850170759e5db39aa3f','jsonFlickrApi({\"photos\":{\"page\":1, \"pages\":81656, \"perpage\":1, \"total\":\"81656\", \"photo\":[{\"id\":\"4008309114\", \"owner\":\"43440420@N05\", \"secret\":\"8cd19feb31\", \"server\":\"2520\", \"farm\":3, \"title\":\"16.u8fd9u53eau5c0fu72d7u662fu6211u4eecu5f53u665au4f4fu7684u5bbeu9986u9644u8fd1u7684uff0cu5f88u7c98u4ebauff0cu5f88u901au4ebau6027uff0cu6240u8bf4u7ecfu5e38u6e38u5ba2u8d70u7684u65f6u5019uff0cu5b83u8ffdu7740u8f66u8dd1uff0cu8868u793au4e0du820duff0cu4e0du8fc7u6211u4eecu8d70u7684u65f6u5019uff0cu5b83u597du50cfu6ca1u770bu89c1u3002u3002u3002\", \"ispublic\":1, \"isfriend\":0, \"isfamily\":0}]}, \"stat\":\"ok\"})','2010-10-18 13:09:18'),('9bf703907dc5b16b6542d3c6ecfd3f09','jsonFlickrApi({\"photos\":{\"page\":1, \"pages\":15153, \"perpage\":1, \"total\":\"15153\", \"photo\":[{\"id\":\"4402868961\", \"owner\":\"30640988@N05\", \"secret\":\"c586a66669\", \"server\":\"4048\", \"farm\":5, \"title\":\"u4e0au73edu8defu4e0a\", \"ispublic\":1, \"isfriend\":0, \"isfamily\":0}]}, \"stat\":\"ok\"})','2010-10-18 13:09:19'),('71c46f4ce22fa3e9ae6c834e2e8b3c44','jsonFlickrApi({\"photos\":{\"page\":1, \"pages\":1089, \"perpage\":1, \"total\":\"1089\", \"photo\":[{\"id\":\"3878453332\", \"owner\":\"55418889@N00\", \"secret\":\"cb60d8bed5\", \"server\":\"2612\", \"farm\":3, \"title\":\"u7b49u7740u4f60u56deu6765\", \"ispublic\":1, \"isfriend\":0, \"isfamily\":0}]}, \"stat\":\"ok\"})','2010-10-18 13:09:19'),('ee5037ab01130eb676abcd0b955d7c81','jsonFlickrApi({\"photos\":{\"page\":1, \"pages\":318440, \"perpage\":1, \"total\":\"318440\", \"photo\":[{\"id\":\"3124408004\", \"owner\":\"24233013@N00\", \"secret\":\"3675b590d1\", \"server\":\"3094\", \"farm\":4, \"title\":\"u4e0bu6e2fu8106u76aeu81edu8c46u8150\", \"ispublic\":1, \"isfriend\":0, \"isfamily\":0}]}, \"stat\":\"ok\"})','2010-10-18 13:09:22'),('fd09e610fc9199cac2bc18e84e18815c','jsonFlickrApi({\"photos\":{\"page\":1, \"pages\":185691, \"perpage\":1, \"total\":\"185691\", \"photo\":[{\"id\":\"2418653347\", \"owner\":\"87436590@N00\", \"secret\":\"04a179791f\", \"server\":\"2155\", \"farm\":3, \"title\":\"u540cu4e00u4e2au4e16u754c u540cu4e00u4e2au68a6u60f3 uff08One World One Dreamuff09\", \"ispublic\":1, \"isfriend\":0, \"isfamily\":0}]}, \"stat\":\"ok\"})','2010-10-18 13:09:23'),('edadf8732ff576de2ba11466a5a5101e','jsonFlickrApi({\"photos\":{\"page\":1, \"pages\":56526, \"perpage\":1, \"total\":\"56526\", \"photo\":[{\"id\":\"2860267236\", \"owner\":\"29150265@N06\", \"secret\":\"a013ddc547\", \"server\":\"3119\", \"farm\":4, \"title\":\"u636eu8bf4u662fu4e0au6d77u7684u4e00u4e2au6700u6f02u4eaeu7684u4ebau5996\", \"ispublic\":1, \"isfriend\":0, \"isfamily\":0}]}, \"stat\":\"ok\"})','2010-10-18 13:09:23'),('8f37640b8b88b995aebf568a72ec1d3a','jsonFlickrApi({\"photos\":{\"page\":1, \"pages\":10802, \"perpage\":1, \"total\":\"10802\", \"photo\":[{\"id\":\"2372857133\", \"owner\":\"24550005@N08\", \"secret\":\"f11b67d82a\", \"server\":\"3072\", \"farm\":4, \"title\":\"u5c0fu65f6u5019\", \"ispublic\":1, \"isfriend\":0, \"isfamily\":0}]}, \"stat\":\"ok\"})','2010-10-18 13:09:24'),('9d42d08e08157c545a6417dde534bd22','jsonFlickrApi({\"photos\":{\"page\":1, \"pages\":8465, \"perpage\":1, \"total\":\"8465\", \"photo\":[{\"id\":\"2357420830\", \"owner\":\"42641125@N00\", \"secret\":\"96a72188e3\", \"server\":\"2080\", \"farm\":3, \"title\":\"u9c7cu773cu955cu5934u7684u529bu91cfuff01u9002u9a6c4mmu955cu5934u8bd5u7528-Fish Eye Lens! Sigma 4mm Fisheye Try out@IT SHOW2008\", \"ispublic\":1, \"isfriend\":0, \"isfamily\":0}]}, \"stat\":\"ok\"})','2010-10-18 13:09:24'),('e755bc0999961ec0ca957c690f62184a','jsonFlickrApi({\"photos\":{\"page\":1, \"pages\":709, \"perpage\":1, \"total\":\"709\", \"photo\":[{\"id\":\"277225796\", \"owner\":\"27066591@N00\", \"secret\":\"021bed2752\", \"server\":\"107\", \"farm\":1, \"title\":\"u505au996d\", \"ispublic\":1, \"isfriend\":0, \"isfamily\":0}]}, \"stat\":\"ok\"})','2010-10-18 13:09:24'),('23853ed59647d5742a4b63e21dc6b700','jsonFlickrApi({\"photos\":{\"page\":1, \"pages\":187641, \"perpage\":1, \"total\":\"187641\", \"photo\":[{\"id\":\"2950760941\", \"owner\":\"30472678@N04\", \"secret\":\"6cd28ac7b9\", \"server\":\"3051\", \"farm\":4, \"title\":\"u518du8a2au6843u6e90u4ed9u8c37 LILLY\", \"ispublic\":1, \"isfriend\":0, \"isfamily\":0}]}, \"stat\":\"ok\"})','2010-10-18 13:09:25'),('34ff527ee772339ccd348571f69c1a5e','jsonFlickrApi({\"photos\":{\"page\":1, \"pages\":35115, \"perpage\":1, \"total\":\"35115\", \"photo\":[{\"id\":\"4702764011\", \"owner\":\"46038114@N03\", \"secret\":\"011f601797\", \"server\":\"4058\", \"farm\":5, \"title\":\"u795eu97f5u98ceu9761u4e16u754c u4e2du5171u7ed9u5168u7403u5267u9662u53d1u8c23u8a00u4fe1u963bu6270\", \"ispublic\":1, \"isfriend\":0, \"isfamily\":0}]}, \"stat\":\"ok\"})','2010-10-18 13:09:26'),('d2d45c7e9028d40c5c9e4ee4fe40b6c1','jsonFlickrApi({\"photos\":{\"page\":1, \"pages\":206430, \"perpage\":1, \"total\":\"206430\", \"photo\":[{\"id\":\"3499815357\", \"owner\":\"55448160@N00\", \"secret\":\"76935013c5\", \"server\":\"3344\", \"farm\":4, \"title\":\"u6dd8u6c14u5c0fu670bu53cb\", \"ispublic\":1, \"isfriend\":0, \"isfamily\":0}]}, \"stat\":\"ok\"})','2010-10-18 13:09:26'),('c41ae68f42c5608128a2a157750d966e','jsonFlickrApi({\"photos\":{\"page\":1, \"pages\":54856, \"perpage\":1, \"total\":\"54856\", \"photo\":[{\"id\":\"52404125\", \"owner\":\"71834709@N00\", \"secret\":\"393910b1d7\", \"server\":\"33\", \"farm\":1, \"title\":\"u5b59u71d5u59ff u5b8cu7f8eu7684u4e00u5929 u79c1u5bc6u76f8u7c3f\", \"ispublic\":1, \"isfriend\":0, \"isfamily\":0}]}, \"stat\":\"ok\"})','2010-10-18 13:09:36'),('0b793151a6dbfc2105eec117e362ff22','jsonFlickrApi({\"photos\":{\"page\":1, \"pages\":2682, \"perpage\":1, \"total\":\"2682\", \"photo\":[{\"id\":\"3927748191\", \"owner\":\"99112767@N00\", \"secret\":\"a147deed5b\", \"server\":\"3423\", \"farm\":4, \"title\":\"u4f60u6574u5929u5199u90a3u4e9bu7834u4ee3u7801u80fdu627eu5230u5ab3u5987u5417?\", \"ispublic\":1, \"isfriend\":0, \"isfamily\":0}]}, \"stat\":\"ok\"})','2010-10-18 13:09:36'),('31939290fed9c349bbaa979112374da8','jsonFlickrApi({\"photos\":{\"page\":1, \"pages\":263104, \"perpage\":1, \"total\":\"263104\", \"photo\":[{\"id\":\"2293203467\", \"owner\":\"76888752@N00\", \"secret\":\"1c88986025\", \"server\":\"2365\", \"farm\":3, \"title\":\"u9673u53c8u7dad\", \"ispublic\":1, \"isfriend\":0, \"isfamily\":0}]}, \"stat\":\"ok\"})','2010-10-18 13:09:36'),('e5d3fb3da91ab5515304caf2f806de28','jsonFlickrApi({\"photos\":{\"page\":1, \"pages\":9212, \"perpage\":1, \"total\":\"9212\", \"photo\":[{\"id\":\"3893222036\", \"owner\":\"41580635@N07\", \"secret\":\"dca2fa37b9\", \"server\":\"2423\", \"farm\":3, \"title\":\"Cosplay u89d2u8272u626eu6f14 CW28 99 VOCALOID u521du97f3u672au4f86 u521du97f3u30dfu30af u5de1u97f3u30ebu30abu30aau30eau30b8u30cau30eb Magnet u78c1u77f3\", \"ispublic\":1, \"isfriend\":0, \"isfamily\":0}]}, \"stat\":\"ok\"})','2010-10-18 13:09:37'),('8f04648a04ebd20ac3305e18849943b4','jsonFlickrApi({\"photos\":{\"page\":1, \"pages\":10389, \"perpage\":1, \"total\":\"10389\", \"photo\":[{\"id\":\"4689703980\", \"owner\":\"48005700@N04\", \"secret\":\"47dc4d496e\", \"server\":\"4029\", \"farm\":5, \"title\":\"u5f71u7247u300cu56f4u527fu300du518du73b0u7535u5f71u827au672fu7684u771fu5b9eu4ef7u503c\", \"ispublic\":1, \"isfriend\":0, \"isfamily\":0}]}, \"stat\":\"ok\"})','2010-10-18 13:09:38'),('087502c739c200ddfcfa9801760cc373','jsonFlickrApi({\"photos\":{\"page\":1, \"pages\":2673, \"perpage\":1, \"total\":\"2673\", \"photo\":[{\"id\":\"4466155048\", \"owner\":\"38985791@N07\", \"secret\":\"bb06704d09\", \"server\":\"2687\", \"farm\":3, \"title\":\"u522bu4ebau7684u6210u54c1\", \"ispublic\":1, \"isfriend\":0, \"isfamily\":0}]}, \"stat\":\"ok\"})','2010-10-18 13:09:39'),('4e53264de29eddf9060f3003cb9f657e','jsonFlickrApi({\"photos\":{\"page\":1, \"pages\":611, \"perpage\":1, \"total\":\"611\", \"photo\":[{\"id\":\"4842874114\", \"owner\":\"74198423@N00\", \"secret\":\"95fe1610c5\", \"server\":\"4090\", \"farm\":5, \"title\":\"u4e2du56fdu7535u89c6u5267u98deu5929u5956u83b7u5956u4f5cu54c1u300au5c0au4e25u300b1\", \"ispublic\":1, \"isfriend\":0, \"isfamily\":0}]}, \"stat\":\"ok\"})','2010-10-18 13:09:39'),('3f718cefb554976e5f3637ae384fec30','jsonFlickrApi({\"photos\":{\"page\":1, \"pages\":373, \"perpage\":1, \"total\":\"373\", \"photo\":[{\"id\":\"3418766266\", \"owner\":\"30735584@N04\", \"secret\":\"e26b5d8866\", \"server\":\"3302\", \"farm\":4, \"title\":\"u591au7f57u732bu4e4bu8868u767d\", \"ispublic\":1, \"isfriend\":0, \"isfamily\":0}]}, \"stat\":\"ok\"})','2010-10-18 13:09:39'),('6c51b74fc2bdbd63853ef20b23eccd14','jsonFlickrApi({\"photos\":{\"page\":1, \"pages\":18, \"perpage\":1, \"total\":\"18\", \"photo\":[{\"id\":\"2247432461\", \"owner\":\"43648596@N00\", \"secret\":\"3aa2405bc0\", \"server\":\"2171\", \"farm\":3, \"title\":\"u5468u800cu590du59cb\", \"ispublic\":1, \"isfriend\":0, \"isfamily\":0}]}, \"stat\":\"ok\"})','2010-10-18 13:09:40');
/*!40000 ALTER TABLE `flickr_cache` ENABLE KEYS */;
UNLOCK TABLES;

--
-- Table structure for table `image`
--

DROP TABLE IF EXISTS `image`;
/*!40101 SET @saved_cs_client     = @@character_set_client */;
/*!40101 SET character_set_client = utf8 */;
CREATE TABLE `image` (
  `image_id` int(11) NOT NULL AUTO_INCREMENT,
  `original_image_url` varchar(256) DEFAULT NULL,
  `local_image_name` varchar(60) DEFAULT NULL,
  `image_width` int(11) DEFAULT NULL,
  `image_height` int(11) DEFAULT NULL,
  `has_been_resized` tinyint(4) DEFAULT NULL,
  PRIMARY KEY (`image_id`)
) ENGINE=MyISAM AUTO_INCREMENT=110 DEFAULT CHARSET=latin1;
/*!40101 SET character_set_client = @saved_cs_client */;

--
-- Dumping data for table `image`
--

LOCK TABLES `image` WRITE;
/*!40000 ALTER TABLE `image` DISABLE KEYS */;
INSERT INTO `image` VALUES (1,'http://farm4.static.flickr.com/3019/4639197715_b7d26ac758_s.jpg','files/4639197715_b7d26ac758_s.jpg',75,75,NULL),(2,'http://farm5.static.flickr.com/4022/4408252268_f259f3d508_s.jpg','files/4408252268_f259f3d508_s.jpg',75,75,NULL),(3,'http://farm3.static.flickr.com/2115/2168752767_b07f53b89b_s.jpg','files/2168752767_b07f53b89b_s.jpg',75,75,NULL),(4,'http://farm4.static.flickr.com/3107/3143876697_a78bcb0e62_s.jpg','files/3143876697_a78bcb0e62_s.jpg',75,75,NULL),(5,'http://farm3.static.flickr.com/2797/4109210454_8e95c97878_s.jpg','files/4109210454_8e95c97878_s.jpg',75,75,NULL),(6,'http://farm1.static.flickr.com/197/448271020_48eaf0a0f1_s.jpg','files/448271020_48eaf0a0f1_s.jpg',75,75,NULL),(7,'http://farm3.static.flickr.com/2758/4313463136_f448ee8cdf_s.jpg','files/4313463136_f448ee8cdf_s.jpg',75,75,NULL),(8,'http://farm4.static.flickr.com/3004/2706583162_e28f947f52_s.jpg','files/2706583162_e28f947f52_s.jpg',75,75,NULL),(9,'http://farm1.static.flickr.com/134/344004051_206ae00fa7_s.jpg','files/344004051_206ae00fa7_s.jpg',75,75,NULL),(10,'http://farm1.static.flickr.com/29/66568632_cf94d735e6_s.jpg','files/66568632_cf94d735e6_s.jpg',75,75,NULL),(11,'http://farm3.static.flickr.com/2337/2170418212_754bcb231c_s.jpg','files/2170418212_754bcb231c_s.jpg',75,75,NULL),(12,'http://farm5.static.flickr.com/4141/4795163253_393e8d87af_s.jpg','files/4795163253_393e8d87af_s.jpg',75,75,NULL),(13,'http://farm3.static.flickr.com/2593/3752073593_0b64d4c7b4_s.jpg','files/3752073593_0b64d4c7b4_s.jpg',75,75,NULL),(14,'http://farm5.static.flickr.com/4075/4823266985_be6fa24183_s.jpg','files/4823266985_be6fa24183_s.jpg',75,75,NULL),(15,'http://farm1.static.flickr.com/239/456455692_013b0ef4fe_s.jpg','files/456455692_013b0ef4fe_s.jpg',75,75,NULL),(16,'http://farm3.static.flickr.com/2518/4111095603_35cabe932e_s.jpg','files/4111095603_35cabe932e_s.jpg',75,75,NULL),(17,'http://farm3.static.flickr.com/2714/4276321938_40ab0019c3_s.jpg','files/4276321938_40ab0019c3_s.jpg',75,75,NULL),(18,'http://farm3.static.flickr.com/2615/3718852093_13843b40f1_s.jpg','files/3718852093_13843b40f1_s.jpg',75,75,NULL),(19,'http://farm1.static.flickr.com/222/466147732_2909b9908b_s.jpg','files/466147732_2909b9908b_s.jpg',75,75,NULL),(20,'http://farm3.static.flickr.com/2507/3989108260_33c77b4dac_s.jpg','files/3989108260_33c77b4dac_s.jpg',75,75,NULL),(21,'http://farm2.static.flickr.com/1010/1423540126_13c623ddd8_s.jpg','files/1423540126_13c623ddd8_s.jpg',75,75,NULL),(22,'http://farm4.static.flickr.com/3637/3487774940_b83cdf3570_s.jpg','files/3487774940_b83cdf3570_s.jpg',75,75,NULL),(23,'http://farm3.static.flickr.com/2434/3684112127_86b2ec8e05_s.jpg','files/3684112127_86b2ec8e05_s.jpg',75,75,NULL),(24,'http://farm5.static.flickr.com/4079/4909640834_ca0272ca69_s.jpg','files/4909640834_ca0272ca69_s.jpg',75,75,NULL),(25,'http://farm1.static.flickr.com/67/167510122_5f3de56dfc_s.jpg','files/167510122_5f3de56dfc_s.jpg',75,75,NULL),(26,'http://farm5.static.flickr.com/4131/4995988326_1d1f8ab3a0_s.jpg','files/4995988326_1d1f8ab3a0_s.jpg',75,75,NULL),(27,'http://farm5.static.flickr.com/4050/4261382266_f0e2cb4b28_s.jpg','files/4261382266_f0e2cb4b28_s.jpg',75,75,NULL),(28,'http://farm1.static.flickr.com/160/423937773_2326a5fa41_s.jpg','files/423937773_2326a5fa41_s.jpg',75,75,NULL),(29,'http://farm4.static.flickr.com/3181/2417860441_5bf04ffe9d_s.jpg','files/2417860441_5bf04ffe9d_s.jpg',75,75,NULL),(30,'http://farm3.static.flickr.com/2481/3875013190_78cecc8a4c_s.jpg','files/3875013190_78cecc8a4c_s.jpg',75,75,NULL),(31,'http://farm3.static.flickr.com/2692/4191703551_e041797635_s.jpg','files/4191703551_e041797635_s.jpg',75,75,NULL),(32,'http://farm1.static.flickr.com/247/462951603_3a1df36314_s.jpg','files/462951603_3a1df36314_s.jpg',75,75,NULL),(33,'http://farm4.static.flickr.com/3213/3153121497_bf3289403f_s.jpg','files/3153121497_bf3289403f_s.jpg',75,75,NULL),(34,'http://farm2.static.flickr.com/1335/634167702_5bc61da04b_s.jpg','files/634167702_5bc61da04b_s.jpg',75,75,NULL),(35,'http://farm4.static.flickr.com/3257/2826200773_afa01960bc_s.jpg','files/2826200773_afa01960bc_s.jpg',75,75,NULL),(36,'http://farm1.static.flickr.com/18/23474831_93a6581e78_s.jpg','files/23474831_93a6581e78_s.jpg',75,75,NULL),(37,'http://farm4.static.flickr.com/3320/4611981290_6569b16c43_s.jpg','files/4611981290_6569b16c43_s.jpg',75,75,NULL),(38,'http://farm3.static.flickr.com/2653/4157287183_42896a2b8e_s.jpg','files/4157287183_42896a2b8e_s.jpg',75,75,NULL),(39,'http://farm1.static.flickr.com/185/399700713_a6276e6f97_s.jpg','files/399700713_a6276e6f97_s.jpg',75,75,NULL),(40,'http://farm4.static.flickr.com/3555/3447974318_072927b501_s.jpg','files/3447974318_072927b501_s.jpg',75,75,NULL),(41,'http://farm5.static.flickr.com/4001/4628525484_7723eeba72_s.jpg','files/4628525484_7723eeba72_s.jpg',75,75,NULL),(42,'http://farm3.static.flickr.com/2426/3650132838_ef10c184c6_s.jpg','files/3650132838_ef10c184c6_s.jpg',75,75,NULL),(43,'http://farm3.static.flickr.com/2398/2199923808_e68b03cda3_s.jpg','files/2199923808_e68b03cda3_s.jpg',75,75,NULL),(44,'http://farm5.static.flickr.com/4037/4271070329_716cf63180_s.jpg','files/4271070329_716cf63180_s.jpg',75,75,NULL),(45,'http://farm3.static.flickr.com/2790/4497182540_860aae0082_s.jpg','files/4497182540_860aae0082_s.jpg',75,75,NULL),(46,'http://farm1.static.flickr.com/147/427718118_8090890d97_s.jpg','files/427718118_8090890d97_s.jpg',75,75,NULL),(47,'http://farm3.static.flickr.com/2721/4416600297_0dbe46e006_s.jpg','files/4416600297_0dbe46e006_s.jpg',75,75,NULL),(48,'http://farm4.static.flickr.com/3089/3209313591_4da3914f58_s.jpg','files/3209313591_4da3914f58_s.jpg',75,75,NULL),(49,'http://farm3.static.flickr.com/2354/2604571400_095bf77c2c_s.jpg','files/2604571400_095bf77c2c_s.jpg',75,75,NULL),(50,'http://farm3.static.flickr.com/2586/3742517180_d0648afecf_s.jpg','files/3742517180_d0648afecf_s.jpg',75,75,NULL),(51,'http://farm5.static.flickr.com/4138/4931596777_6b8e99ed8f_s.jpg','files/4931596777_6b8e99ed8f_s.jpg',75,75,NULL),(52,'http://farm4.static.flickr.com/3114/3124498490_645e375a15_s.jpg','files/3124498490_645e375a15_s.jpg',75,75,NULL),(53,'http://farm3.static.flickr.com/2794/4532180165_4d5d48922e_s.jpg','files/4532180165_4d5d48922e_s.jpg',75,75,NULL),(54,'http://farm5.static.flickr.com/4102/4798926870_40aaef2bbb_s.jpg','files/4798926870_40aaef2bbb_s.jpg',75,75,NULL),(55,'http://farm4.static.flickr.com/3119/3159164770_e11539531f_s.jpg','files/3159164770_e11539531f_s.jpg',75,75,NULL),(56,'http://farm5.static.flickr.com/4022/4384979316_a264377430_s.jpg','files/4384979316_a264377430_s.jpg',75,75,NULL),(57,'http://farm5.static.flickr.com/4100/4866343506_235dfe13c7_s.jpg','files/4866343506_235dfe13c7_s.jpg',75,75,NULL),(58,'http://farm1.static.flickr.com/73/162938552_0b2114f5af_s.jpg','files/162938552_0b2114f5af_s.jpg',75,75,NULL),(59,'http://farm5.static.flickr.com/4009/4540578484_f4fd0b7f4b_s.jpg','files/4540578484_f4fd0b7f4b_s.jpg',75,75,NULL),(60,'http://farm1.static.flickr.com/140/340157854_222ec29728_s.jpg','files/340157854_222ec29728_s.jpg',75,75,NULL),(61,'http://farm4.static.flickr.com/3204/2877958585_ed43c9c122_s.jpg','files/2877958585_ed43c9c122_s.jpg',75,75,NULL),(62,'http://farm5.static.flickr.com/4045/4272921252_f99091643b_s.jpg','files/4272921252_f99091643b_s.jpg',75,75,NULL),(63,'http://farm3.static.flickr.com/2473/3967477251_d4e4fe85af_s.jpg','files/3967477251_d4e4fe85af_s.jpg',75,75,NULL),(64,'http://farm4.static.flickr.com/3026/2331248760_304428806a_s.jpg','files/2331248760_304428806a_s.jpg',75,75,NULL),(65,'http://farm4.static.flickr.com/3348/3410001749_8a98aedf7c_s.jpg','files/3410001749_8a98aedf7c_s.jpg',75,75,NULL),(66,'http://farm5.static.flickr.com/4024/4591168651_157183457c_s.jpg','files/4591168651_157183457c_s.jpg',75,75,NULL),(67,'http://farm5.static.flickr.com/4019/4626363555_e699c3f10e_s.jpg','files/4626363555_e699c3f10e_s.jpg',75,75,NULL),(68,'http://farm4.static.flickr.com/3370/3173239010_2efb7ea994_s.jpg','files/3173239010_2efb7ea994_s.jpg',75,75,NULL),(69,'http://farm3.static.flickr.com/2659/4188142666_c4ed6aa8b5_s.jpg','files/4188142666_c4ed6aa8b5_s.jpg',75,75,NULL),(70,'http://farm5.static.flickr.com/4036/4472726563_e83aed6405_s.jpg','files/4472726563_e83aed6405_s.jpg',75,75,NULL),(71,'http://farm1.static.flickr.com/186/470520838_efb9d93f26_s.jpg','files/470520838_efb9d93f26_s.jpg',75,75,NULL),(72,'http://farm4.static.flickr.com/3119/2860267236_a013ddc547_s.jpg','files/2860267236_a013ddc547_s.jpg',75,75,NULL),(73,'http://farm1.static.flickr.com/147/427718118_8090890d97_s.jpg','files/427718118_8090890d97_s.jpg',75,75,NULL),(74,'http://farm5.static.flickr.com/4034/4515063814_40c34e441a_s.jpg','files/4515063814_40c34e441a_s.jpg',75,75,NULL),(75,'http://farm5.static.flickr.com/4002/4425592324_7d059e4b08_s.jpg','files/4425592324_7d059e4b08_s.jpg',75,75,NULL),(76,'http://farm4.static.flickr.com/3126/2664565358_c894076bda_s.jpg','files/2664565358_c894076bda_s.jpg',75,75,NULL),(77,'http://farm3.static.flickr.com/2393/2430967157_c5b34904ae_s.jpg','files/2430967157_c5b34904ae_s.jpg',75,75,NULL),(78,'http://farm5.static.flickr.com/4065/4397591623_a4a5ed997b_s.jpg','files/4397591623_a4a5ed997b_s.jpg',75,75,NULL),(79,'http://farm3.static.flickr.com/2439/3632235913_7cfc5a2044_s.jpg','files/3632235913_7cfc5a2044_s.jpg',75,75,NULL),(80,'http://farm5.static.flickr.com/4019/4549026085_5b24092d0d_s.jpg','files/4549026085_5b24092d0d_s.jpg',75,75,NULL),(81,'http://farm4.static.flickr.com/3418/3244126322_2a2fd5b94d_s.jpg','files/3244126322_2a2fd5b94d_s.jpg',75,75,NULL),(82,'http://farm4.static.flickr.com/3605/3636515358_e7806c10cb_s.jpg','files/3636515358_e7806c10cb_s.jpg',75,75,NULL),(83,'http://farm4.static.flickr.com/3186/3023186831_b643034270_s.jpg','files/3023186831_b643034270_s.jpg',75,75,NULL),(84,'http://farm4.static.flickr.com/3206/2985841026_2747897920_s.jpg','files/2985841026_2747897920_s.jpg',75,75,NULL),(85,'http://farm2.static.flickr.com/1284/4608592520_c320538e17_s.jpg','files/4608592520_c320538e17_s.jpg',75,75,NULL),(86,'http://farm3.static.flickr.com/2675/3998587476_b636db259e_s.jpg','files/3998587476_b636db259e_s.jpg',75,75,NULL),(87,'http://farm5.static.flickr.com/4083/4989494211_2e476fe5ed_s.jpg','files/4989494211_2e476fe5ed_s.jpg',75,75,NULL),(88,'http://farm4.static.flickr.com/3472/3312932513_d793576a3e_s.jpg','files/3312932513_d793576a3e_s.jpg',75,75,NULL),(89,'http://farm3.static.flickr.com/2520/4008309114_8cd19feb31_s.jpg','files/4008309114_8cd19feb31_s.jpg',75,75,NULL),(90,'http://farm5.static.flickr.com/4048/4402868961_c586a66669_s.jpg','files/4402868961_c586a66669_s.jpg',75,75,NULL),(91,'http://farm3.static.flickr.com/2612/3878453332_cb60d8bed5_s.jpg','files/3878453332_cb60d8bed5_s.jpg',75,75,NULL),(92,'http://farm4.static.flickr.com/3094/3124408004_3675b590d1_s.jpg','files/3124408004_3675b590d1_s.jpg',75,75,NULL),(93,'http://farm3.static.flickr.com/2155/2418653347_04a179791f_s.jpg','files/2418653347_04a179791f_s.jpg',75,75,NULL),(94,'http://farm4.static.flickr.com/3119/2860267236_a013ddc547_s.jpg','files/2860267236_a013ddc547_s.jpg',75,75,NULL),(95,'http://farm4.static.flickr.com/3072/2372857133_f11b67d82a_s.jpg','files/2372857133_f11b67d82a_s.jpg',75,75,NULL),(96,'http://farm3.static.flickr.com/2080/2357420830_96a72188e3_s.jpg','files/2357420830_96a72188e3_s.jpg',75,75,NULL),(97,'http://farm1.static.flickr.com/107/277225796_021bed2752_s.jpg','files/277225796_021bed2752_s.jpg',75,75,NULL),(98,'http://farm4.static.flickr.com/3051/2950760941_6cd28ac7b9_s.jpg','files/2950760941_6cd28ac7b9_s.jpg',75,75,NULL),(99,'http://farm5.static.flickr.com/4058/4702764011_011f601797_s.jpg','files/4702764011_011f601797_s.jpg',75,75,NULL),(100,'http://farm4.static.flickr.com/3344/3499815357_76935013c5_s.jpg','files/3499815357_76935013c5_s.jpg',75,75,NULL),(101,'http://farm1.static.flickr.com/33/52404125_393910b1d7_s.jpg','files/52404125_393910b1d7_s.jpg',75,75,NULL),(102,'http://farm4.static.flickr.com/3423/3927748191_a147deed5b_s.jpg','files/3927748191_a147deed5b_s.jpg',75,75,NULL),(103,'http://farm3.static.flickr.com/2365/2293203467_1c88986025_s.jpg','files/2293203467_1c88986025_s.jpg',75,75,NULL),(104,'http://farm3.static.flickr.com/2423/3893222036_dca2fa37b9_s.jpg','files/3893222036_dca2fa37b9_s.jpg',75,75,NULL),(105,'http://farm5.static.flickr.com/4029/4689703980_47dc4d496e_s.jpg','files/4689703980_47dc4d496e_s.jpg',75,75,NULL),(106,'http://farm3.static.flickr.com/2687/4466155048_bb06704d09_s.jpg','files/4466155048_bb06704d09_s.jpg',75,75,NULL),(107,'http://farm5.static.flickr.com/4090/4842874114_95fe1610c5_s.jpg','files/4842874114_95fe1610c5_s.jpg',75,75,NULL),(108,'http://farm4.static.flickr.com/3302/3418766266_e26b5d8866_s.jpg','files/3418766266_e26b5d8866_s.jpg',75,75,NULL),(109,'http://farm3.static.flickr.com/2171/2247432461_3aa2405bc0_s.jpg','files/2247432461_3aa2405bc0_s.jpg',75,75,NULL);
/*!40000 ALTER TABLE `image` ENABLE KEYS */;
UNLOCK TABLES;

--
-- Table structure for table `post`
--

DROP TABLE IF EXISTS `post`;
/*!40101 SET @saved_cs_client     = @@character_set_client */;
/*!40101 SET character_set_client = utf8 */;
CREATE TABLE `post` (
  `post_id` int(11) NOT NULL AUTO_INCREMENT,
  `blog_id` int(11) NOT NULL,
  `title` varchar(125) DEFAULT NULL,
  `post_time` timestamp NOT NULL DEFAULT CURRENT_TIMESTAMP ON UPDATE CURRENT_TIMESTAMP,
  `URL` varchar(256) DEFAULT NULL,
  `crttime` timestamp NOT NULL DEFAULT '0000-00-00 00:00:00',
  `updtime` timestamp NOT NULL DEFAULT '0000-00-00 00:00:00',
  PRIMARY KEY (`post_id`),
  KEY `blog_id` (`blog_id`),
  CONSTRAINT `post_ibfk_1` FOREIGN KEY (`blog_id`) REFERENCES `blog` (`blog_id`)
) ENGINE=InnoDB AUTO_INCREMENT=8 DEFAULT CHARSET=utf8;
/*!40101 SET character_set_client = @saved_cs_client */;

--
-- Dumping data for table `post`
--

LOCK TABLES `post` WRITE;
/*!40000 ALTER TABLE `post` DISABLE KEYS */;
INSERT INTO `post` VALUES (6,1,'贴子','2010-10-04 03:00:54','http://www.google.ca','2010-10-04 03:00:54','2010-10-04 03:00:54'),(7,2,'贴子','2010-10-04 03:04:24','http://www.google.ca','2010-10-04 03:04:24','2010-10-04 03:04:24');
/*!40000 ALTER TABLE `post` ENABLE KEYS */;
UNLOCK TABLES;

--
-- Table structure for table `word`
--

DROP TABLE IF EXISTS `word`;
/*!40101 SET @saved_cs_client     = @@character_set_client */;
/*!40101 SET character_set_client = utf8 */;
CREATE TABLE `word` (
  `word_id` int(11) NOT NULL,
  `post_id` int(11) NOT NULL,
  `position_in_text` int(11) NOT NULL,
  `length_in_characters` int(11) NOT NULL,
  `text` varchar(30) DEFAULT NULL,
  `is_chinese` tinyint(4) DEFAULT '0',
  `is_punctuation` tinyint(4) DEFAULT '0',
  `has_an_image` tinyint(4) DEFAULT '0',
  `image_is_downloaded` tinyint(4) DEFAULT '0',
  `image_id` tinyint(4) DEFAULT '0',
  PRIMARY KEY (`word_id`,`post_id`),
  KEY `post_id` (`post_id`),
  CONSTRAINT `word_ibfk_1` FOREIGN KEY (`post_id`) REFERENCES `post` (`post_id`)
) ENGINE=InnoDB DEFAULT CHARSET=utf8;
/*!40101 SET character_set_client = @saved_cs_client */;

--
-- Dumping data for table `word`
--

LOCK TABLES `word` WRITE;
/*!40000 ALTER TABLE `word` DISABLE KEYS */;
INSERT INTO `word` VALUES (1,6,1,2,'﻿OK',0,0,1,0,NULL),(1,7,1,2,'﻿好了',0,0,1,0,NULL),(2,6,4,3,'波尔多',1,0,1,1,1),(2,7,4,1,'，',1,1,1,0,NULL),(3,6,7,2,'时间',1,0,1,1,2),(3,7,5,2,'终于',1,0,1,1,3),(4,6,9,2,'今天',1,0,1,1,4),(4,7,7,2,'暂时',1,0,1,1,5),(5,6,11,1,'，',1,1,1,0,NULL),(5,7,9,1,'性',1,0,1,1,6),(6,6,12,2,'本博',1,0,1,1,7),(6,7,10,1,'的',1,0,1,1,8),(7,6,14,2,'今年',1,0,1,1,9),(7,7,11,2,'结束',1,0,1,1,10),(8,6,16,4,'抛头露面',1,0,1,1,11),(8,7,13,1,'，',1,1,1,0,NULL),(9,6,20,1,'的',1,0,1,1,8),(9,7,14,2,'回归',1,0,1,1,12),(10,6,21,2,'工作',1,0,1,1,13),(10,7,16,2,'自己',1,0,1,1,14),(11,6,23,1,'将',1,0,1,1,15),(11,7,18,1,'的',1,0,1,1,8),(12,6,24,2,'基本',1,0,1,1,16),(12,7,19,2,'日子',1,0,1,1,17),(13,6,26,1,'告',1,0,1,1,18),(13,7,21,1,'。',1,1,1,0,NULL),(14,6,27,1,'一',1,0,1,1,19),(14,7,22,2,'自己',1,0,1,1,14),(15,6,28,2,'段落',1,0,1,1,20),(15,7,24,1,'的',1,0,1,1,8),(16,6,30,1,'，',1,1,1,0,NULL),(16,7,25,2,'日子',1,0,1,1,17),(17,6,31,2,'剩下',1,0,1,1,21),(17,7,27,1,'里',1,0,1,1,22),(18,6,33,1,'的',1,0,1,1,8),(18,7,28,1,'，',1,1,1,0,NULL),(19,6,34,2,'日子',1,0,1,1,17),(19,7,29,1,'不',1,0,1,1,23),(20,6,36,2,'用来',1,0,1,1,24),(20,7,30,4,'浓妆艳抹',1,0,1,1,25),(21,6,38,2,'伏案',1,0,1,1,26),(21,7,34,1,'，',1,1,1,0,NULL),(22,6,40,1,'搞',1,0,1,1,27),(22,7,35,2,'出门',1,0,1,1,28),(23,6,41,1,'小',1,0,1,1,29),(23,7,37,1,'只',1,0,1,1,30),(24,6,42,2,'创作',1,0,1,1,31),(24,7,38,1,'用',1,0,1,1,32),(25,6,44,1,'、',1,1,1,0,NULL),(25,7,39,1,'来',1,0,1,1,33),(26,6,45,3,'日光浴',1,0,1,1,34),(26,7,40,3,'晒太阳',1,0,1,1,35),(27,6,48,1,'、',1,1,1,0,NULL),(27,7,43,1,'，',1,1,1,0,NULL),(28,6,49,2,'睡觉',1,0,1,1,36),(28,7,44,1,'看',1,0,1,1,37),(29,6,51,1,'、',1,1,1,0,NULL),(29,7,45,2,'大街',1,0,1,1,38),(30,6,52,2,'发呆',1,0,1,1,39),(30,7,47,1,'上',1,0,1,1,40),(31,6,54,1,'。',1,1,1,0,NULL),(31,7,48,2,'来来',1,0,1,1,41),(32,6,55,2,'放空',1,0,1,1,42),(32,7,50,1,'往',1,0,1,1,43),(33,6,57,2,'活动',1,0,1,1,44),(33,7,51,1,'往',1,0,1,1,43),(34,6,59,1,'将',1,0,1,1,15),(34,7,52,1,'的',1,0,1,1,8),(35,6,60,2,'正式',1,0,1,1,45),(35,7,53,2,'人，',1,0,1,1,46),(36,6,62,2,'开始',1,0,1,1,47),(36,7,55,2,'不要',1,0,1,1,48),(37,6,64,1,'，',1,1,1,0,NULL),(37,7,57,1,'听',1,0,1,1,49),(38,6,65,2,'首要',1,0,1,1,50),(38,7,58,2,'更多',1,0,1,1,51),(39,6,67,2,'工作',1,0,1,1,13),(39,7,60,1,'的',1,0,1,1,8),(40,6,69,1,'是',1,0,1,1,52),(40,7,61,2,'事情',1,0,1,1,53),(41,6,70,2,'放下',1,0,1,1,54),(41,7,63,1,'，',1,1,1,0,NULL),(42,6,72,2,'过去',1,0,1,1,55),(42,7,64,1,'找',1,0,1,1,56),(43,6,74,2,'所有',1,0,1,1,57),(43,7,65,2,'一些',1,0,1,1,58),(44,6,76,1,'的',1,0,1,1,8),(44,7,67,2,'简单',1,0,1,1,59),(45,6,77,2,'事情',1,0,1,1,53),(45,7,69,1,'的',1,0,1,1,8),(46,6,79,2,'——',1,1,1,0,NULL),(46,7,70,2,'快乐',1,0,1,1,60),(47,6,81,2,'那个',1,0,1,1,61),(47,7,72,1,'，',1,1,1,0,NULL),(48,6,83,2,'……',1,1,1,0,NULL),(48,7,73,2,'比如',1,0,1,1,62),(49,6,85,2,'主要',1,0,1,1,63),(49,7,75,1,'吃',1,0,1,1,64),(50,6,87,1,'是',1,0,1,1,52),(50,7,76,1,'吃',1,0,1,1,64),(51,6,88,2,'工作',1,0,1,1,13),(51,7,77,1,'喝',1,0,1,1,65),(52,6,90,2,'方面',1,0,1,1,66),(52,7,78,1,'喝',1,0,1,1,65),(53,6,92,1,'的',1,0,1,1,8),(53,7,79,1,'，',1,1,1,0,NULL),(54,6,93,1,'，',1,1,1,0,NULL),(54,7,80,2,'认识',1,0,1,1,67),(55,6,94,2,'不是',1,0,1,1,68),(55,7,82,2,'好玩',1,0,1,1,69),(56,6,96,2,'一般',1,0,1,1,70),(56,7,84,1,'儿',1,0,1,1,71),(57,6,98,1,'的',1,0,1,1,8),(57,7,85,1,'的',1,0,1,1,8),(58,6,99,1,'说',1,0,1,1,72),(58,7,86,1,'人',1,0,1,1,73),(59,6,100,1,'，',1,1,1,0,NULL),(59,7,87,1,'，',1,1,1,0,NULL),(60,6,101,2,'真的',1,0,1,1,74),(60,7,88,1,'逮',1,0,1,1,75),(61,6,103,1,'好',1,0,1,1,76),(61,7,89,1,'谁',1,0,1,1,77),(62,6,104,1,'累',1,0,1,1,78),(62,7,90,1,'和',1,0,1,1,79),(63,6,105,1,'啊',1,0,1,1,80),(63,7,91,1,'谁',1,0,1,1,77),(64,6,106,2,'……',1,1,1,0,NULL),(64,7,92,3,'练口语',1,0,1,1,81),(65,6,108,2,'每天',1,0,1,1,82),(65,7,95,3,'(嘿嘿',0,0,1,0,NULL),(66,6,110,2,'化妆',1,0,1,1,83),(66,7,98,1,'）',1,1,1,0,NULL),(67,6,112,1,'，',1,1,1,0,NULL),(67,7,99,1,'，',1,1,1,0,NULL),(68,6,113,1,'弄',1,0,1,1,84),(68,7,100,1,'逛',1,0,1,1,85),(69,6,114,2,'头发',1,0,1,1,86),(69,7,101,2,'超市',1,0,1,1,87),(70,6,116,1,'，',1,1,1,0,NULL),(70,7,103,1,'逛',1,0,1,1,85),(71,6,117,2,'按时',1,0,1,1,88),(71,7,104,1,'它',1,0,1,1,89),(72,6,119,2,'上班',1,0,1,1,90),(72,7,105,1,'3',0,0,1,0,NULL),(73,6,121,1,'，',1,1,1,0,NULL),(73,7,106,1,'、',1,1,1,0,NULL),(74,6,122,2,'等着',1,0,1,1,91),(74,7,107,1,'4',0,0,1,0,NULL),(75,6,124,1,'下',1,0,1,1,92),(75,7,108,1,'个',1,0,1,1,93),(76,6,125,2,'一个',1,0,1,1,94),(76,7,109,2,'小时',1,0,1,1,95),(77,6,127,2,'镜头',1,0,1,1,96),(77,7,111,1,'，',1,1,1,0,NULL),(78,6,129,1,'，',1,1,1,0,NULL),(78,7,112,2,'做饭',1,0,1,1,97),(79,6,130,1,'再',1,0,1,1,98),(79,7,114,1,'给',1,0,1,1,99),(80,6,131,1,'下',1,0,1,1,92),(80,7,115,2,'朋友',1,0,1,1,100),(81,6,132,2,'一个',1,0,1,1,94),(81,7,117,1,'吃',1,0,1,1,64),(82,6,134,1,'，',1,1,1,0,NULL),(82,7,118,1,'，',1,1,1,0,NULL),(83,6,135,2,'一天',1,0,1,1,101),(83,7,119,2,'整天',1,0,1,1,102),(84,6,137,1,'又',1,0,1,1,103),(84,7,121,2,'整天',1,0,1,1,102),(85,6,138,2,'一天',1,0,1,1,101),(85,7,123,1,'的',1,0,1,1,8),(86,6,140,1,'的',1,0,1,1,8),(86,7,124,1,'看',1,0,1,1,37),(87,6,141,2,'扮演',1,0,1,1,104),(87,7,125,2,'电影',1,0,1,1,105),(88,6,143,2,'别人',1,0,1,1,106),(88,7,127,3,'电视剧',1,0,1,1,107),(89,6,145,1,'，',1,1,1,0,NULL),(89,7,130,1,'。',1,1,1,0,NULL),(90,6,146,2,'表白',1,0,1,1,108),(91,6,148,2,'自己',1,0,1,1,14),(92,6,150,1,'，',1,1,1,0,NULL),(93,6,151,4,'周而复始',1,0,1,1,109),(94,6,155,1,'。',1,1,1,0,NULL);
/*!40000 ALTER TABLE `word` ENABLE KEYS */;
UNLOCK TABLES;
/*!40103 SET TIME_ZONE=@OLD_TIME_ZONE */;

/*!40101 SET SQL_MODE=@OLD_SQL_MODE */;
/*!40014 SET FOREIGN_KEY_CHECKS=@OLD_FOREIGN_KEY_CHECKS */;
/*!40014 SET UNIQUE_CHECKS=@OLD_UNIQUE_CHECKS */;
/*!40101 SET CHARACTER_SET_CLIENT=@OLD_CHARACTER_SET_CLIENT */;
/*!40101 SET CHARACTER_SET_RESULTS=@OLD_CHARACTER_SET_RESULTS */;
/*!40101 SET COLLATION_CONNECTION=@OLD_COLLATION_CONNECTION */;
/*!40111 SET SQL_NOTES=@OLD_SQL_NOTES */;

-- Dump completed on 2010-10-18 15:18:32
