-- MySQL dump 10.13  Distrib 5.1.47, for Win64 (unknown)
--
-- Host: localhost    Database: picturepress
-- ------------------------------------------------------
-- Server version	5.1.47-community

/*!40101 SET @OLD_CHARACTER_SET_CLIENT=@@CHARACTER_SET_CLIENT */;
/*!40101 SET @OLD_CHARACTER_SET_RESULTS=@@CHARACTER_SET_RESULTS */;
/*!40101 SET @OLD_COLLATION_CONNECTION=@@COLLATION_CONNECTION */;
/*!40101 SET NAMES utf8 */;
/*!40103 SET @OLD_TIME_ZONE=@@TIME_ZONE */;
/*!40103 SET TIME_ZONE='+00:00' */;
/*!40014 SET @OLD_UNIQUE_CHECKS=@@UNIQUE_CHECKS, UNIQUE_CHECKS=0 */;
/*!40014 SET @OLD_FOREIGN_KEY_CHECKS=@@FOREIGN_KEY_CHECKS, FOREIGN_KEY_CHECKS=0 */;
/*!40101 SET @OLD_SQL_MODE=@@SQL_MODE, SQL_MODE='NO_AUTO_VALUE_ON_ZERO' */;
/*!40111 SET @OLD_SQL_NOTES=@@SQL_NOTES, SQL_NOTES=0 */;

--
-- Table structure for table `blog`
--

DROP TABLE IF EXISTS `blog`;
/*!40101 SET @saved_cs_client     = @@character_set_client */;
/*!40101 SET character_set_client = utf8 */;
CREATE TABLE `blog` (
  `blog_id` int(11) NOT NULL,
  `title` varchar(125) DEFAULT NULL,
  `author` varchar(30) DEFAULT NULL,
  `intro` tinytext,
  `URL` varchar(256) DEFAULT NULL,
  `crttime` timestamp NOT NULL DEFAULT CURRENT_TIMESTAMP ON UPDATE CURRENT_TIMESTAMP,
  `updtime` timestamp NOT NULL DEFAULT '0000-00-00 00:00:00',
  PRIMARY KEY (`blog_id`)
) ENGINE=InnoDB DEFAULT CHARSET=utf8;
/*!40101 SET character_set_client = @saved_cs_client */;

--
-- Dumping data for table `blog`
--

LOCK TABLES `blog` WRITE;
/*!40000 ALTER TABLE `blog` DISABLE KEYS */;
INSERT INTO `blog` VALUES (1,'徐静雷','徐静雷','徐静雷的博客','http://www.sohu.net','2010-10-04 02:45:51','2010-10-04 02:45:51'),(2,'徐静雷','徐静雷','徐静雷的博客','http://www.sohu.net','2010-10-04 02:40:25','2010-10-04 02:40:25');
/*!40000 ALTER TABLE `blog` ENABLE KEYS */;
UNLOCK TABLES;

--
-- Table structure for table `post`
--

DROP TABLE IF EXISTS `post`;
/*!40101 SET @saved_cs_client     = @@character_set_client */;
/*!40101 SET character_set_client = utf8 */;
CREATE TABLE `post` (
  `post_id` int(11) NOT NULL AUTO_INCREMENT,
  `blog_id` int(11) NOT NULL,
  `title` varchar(125) DEFAULT NULL,
  `post_time` timestamp NOT NULL DEFAULT CURRENT_TIMESTAMP ON UPDATE CURRENT_TIMESTAMP,
  `URL` varchar(256) DEFAULT NULL,
  `crttime` timestamp NOT NULL DEFAULT '0000-00-00 00:00:00',
  `updtime` timestamp NOT NULL DEFAULT '0000-00-00 00:00:00',
  PRIMARY KEY (`post_id`),
  KEY `blog_id` (`blog_id`),
  CONSTRAINT `post_ibfk_1` FOREIGN KEY (`blog_id`) REFERENCES `blog` (`blog_id`)
) ENGINE=InnoDB AUTO_INCREMENT=8 DEFAULT CHARSET=utf8;
/*!40101 SET character_set_client = @saved_cs_client */;

--
-- Dumping data for table `post`
--

LOCK TABLES `post` WRITE;
/*!40000 ALTER TABLE `post` DISABLE KEYS */;
INSERT INTO `post` VALUES (6,1,'贴子','2010-10-04 03:00:54','http://www.google.ca','2010-10-04 03:00:54','2010-10-04 03:00:54'),(7,2,'贴子','2010-10-04 03:04:24','http://www.google.ca','2010-10-04 03:04:24','2010-10-04 03:04:24');
/*!40000 ALTER TABLE `post` ENABLE KEYS */;
UNLOCK TABLES;

--
-- Table structure for table `word`
--

DROP TABLE IF EXISTS `word`;
/*!40101 SET @saved_cs_client     = @@character_set_client */;
/*!40101 SET character_set_client = utf8 */;
CREATE TABLE `word` (
  `word_id` int(11) NOT NULL,
  `post_id` int(11) NOT NULL,
  `position_in_text` int(11) NOT NULL,
  `length_in_characters` int(11) NOT NULL,
  `text` varchar(30) DEFAULT NULL,
  `is_chinese` tinyint(4) DEFAULT '0',
  `is_punctuation` tinyint(4) DEFAULT '0',
  `has_an_image` tinyint(4) DEFAULT '0',
  `image_is_downloaded` tinyint(4) DEFAULT '0',
  `image_id` tinyint(4) DEFAULT '0',
  PRIMARY KEY (`word_id`,`post_id`),
  KEY `post_id` (`post_id`),
  CONSTRAINT `word_ibfk_1` FOREIGN KEY (`post_id`) REFERENCES `post` (`post_id`)
) ENGINE=InnoDB DEFAULT CHARSET=utf8;
/*!40101 SET character_set_client = @saved_cs_client */;

--
-- Dumping data for table `word`
--

LOCK TABLES `word` WRITE;
/*!40000 ALTER TABLE `word` DISABLE KEYS */;
INSERT INTO `word` VALUES (1,6,1,2,'﻿OK',0,0,1,0,1),(1,7,1,2,'﻿好了',0,0,1,0,1),(2,6,4,3,'波尔多',1,0,1,0,1),(2,7,4,1,'，',1,1,1,0,1),(3,6,7,2,'时间',1,0,1,0,1),(3,7,5,2,'终于',1,0,1,0,1),(4,6,9,2,'今天',1,0,1,0,1),(4,7,7,2,'暂时',1,0,1,0,1),(5,6,11,1,'，',1,1,1,0,1),(5,7,9,1,'性',1,0,1,0,1),(6,6,12,2,'本博',1,0,1,0,1),(6,7,10,1,'的',1,0,1,0,1),(7,6,14,2,'今年',1,0,1,0,1),(7,7,11,2,'结束',1,0,1,0,1),(8,6,16,4,'抛头露面',1,0,1,0,1),(8,7,13,1,'，',1,1,1,0,1),(9,6,20,1,'的',1,0,1,0,1),(9,7,14,2,'回归',1,0,1,0,1),(10,6,21,2,'工作',1,0,1,0,1),(10,7,16,2,'自己',1,0,1,0,1),(11,6,23,1,'将',1,0,1,0,1),(11,7,18,1,'的',1,0,1,0,1),(12,6,24,2,'基本',1,0,1,0,1),(12,7,19,2,'日子',1,0,1,0,1),(13,6,26,1,'告',1,0,1,0,1),(13,7,21,1,'。',1,1,1,0,1),(14,6,27,1,'一',1,0,1,0,1),(14,7,22,2,'自己',1,0,1,0,1),(15,6,28,2,'段落',1,0,1,0,1),(15,7,24,1,'的',1,0,1,0,1),(16,6,30,1,'，',1,1,1,0,1),(16,7,25,2,'日子',1,0,1,0,1),(17,6,31,2,'剩下',1,0,1,0,1),(17,7,27,1,'里',1,0,1,0,1),(18,6,33,1,'的',1,0,1,0,1),(18,7,28,1,'，',1,1,1,0,1),(19,6,34,2,'日子',1,0,1,0,1),(19,7,29,1,'不',1,0,1,0,1),(20,6,36,2,'用来',1,0,1,0,1),(20,7,30,4,'浓妆艳抹',1,0,1,0,1),(21,6,38,2,'伏案',1,0,1,0,1),(21,7,34,1,'，',1,1,1,0,1),(22,6,40,1,'搞',1,0,1,0,1),(22,7,35,2,'出门',1,0,1,0,1),(23,6,41,1,'小',1,0,1,0,1),(23,7,37,1,'只',1,0,1,0,1),(24,6,42,2,'创作',1,0,1,0,1),(24,7,38,1,'用',1,0,1,0,1),(25,6,44,1,'、',1,1,1,0,1),(25,7,39,1,'来',1,0,1,0,1),(26,6,45,3,'日光浴',1,0,1,0,1),(26,7,40,3,'晒太阳',1,0,1,0,1),(27,6,48,1,'、',1,1,1,0,1),(27,7,43,1,'，',1,1,1,0,1),(28,6,49,2,'睡觉',1,0,1,0,1),(28,7,44,1,'看',1,0,1,0,1),(29,6,51,1,'、',1,1,1,0,1),(29,7,45,2,'大街',1,0,1,0,1),(30,6,52,2,'发呆',1,0,1,0,1),(30,7,47,1,'上',1,0,1,0,1),(31,6,54,1,'。',1,1,1,0,1),(31,7,48,2,'来来',1,0,1,0,1),(32,6,55,2,'放空',1,0,1,0,1),(32,7,50,1,'往',1,0,1,0,1),(33,6,57,2,'活动',1,0,1,0,1),(33,7,51,1,'往',1,0,1,0,1),(34,6,59,1,'将',1,0,1,0,1),(34,7,52,1,'的',1,0,1,0,1),(35,6,60,2,'正式',1,0,1,0,1),(35,7,53,2,'人，',1,0,1,0,1),(36,6,62,2,'开始',1,0,1,0,1),(36,7,55,2,'不要',1,0,1,0,1),(37,6,64,1,'，',1,1,1,0,1),(37,7,57,1,'听',1,0,1,0,1),(38,6,65,2,'首要',1,0,1,0,1),(38,7,58,2,'更多',1,0,1,0,1),(39,6,67,2,'工作',1,0,1,0,1),(39,7,60,1,'的',1,0,1,0,1),(40,6,69,1,'是',1,0,1,0,1),(40,7,61,2,'事情',1,0,1,0,1),(41,6,70,2,'放下',1,0,1,0,1),(41,7,63,1,'，',1,1,1,0,1),(42,6,72,2,'过去',1,0,1,0,1),(42,7,64,1,'找',1,0,1,0,1),(43,6,74,2,'所有',1,0,1,0,1),(43,7,65,2,'一些',1,0,1,0,1),(44,6,76,1,'的',1,0,1,0,1),(44,7,67,2,'简单',1,0,1,0,1),(45,6,77,2,'事情',1,0,1,0,1),(45,7,69,1,'的',1,0,1,0,1),(46,6,79,2,'——',1,1,1,0,1),(46,7,70,2,'快乐',1,0,1,0,1),(47,6,81,2,'那个',1,0,1,0,1),(47,7,72,1,'，',1,1,1,0,1),(48,6,83,2,'……',1,1,1,0,1),(48,7,73,2,'比如',1,0,1,0,1),(49,6,85,2,'主要',1,0,1,0,1),(49,7,75,1,'吃',1,0,1,0,1),(50,6,87,1,'是',1,0,1,0,1),(50,7,76,1,'吃',1,0,1,0,1),(51,6,88,2,'工作',1,0,1,0,1),(51,7,77,1,'喝',1,0,1,0,1),(52,6,90,2,'方面',1,0,1,0,1),(52,7,78,1,'喝',1,0,1,0,1),(53,6,92,1,'的',1,0,1,0,1),(53,7,79,1,'，',1,1,1,0,1),(54,6,93,1,'，',1,1,1,0,1),(54,7,80,2,'认识',1,0,1,0,1),(55,6,94,2,'不是',1,0,1,0,1),(55,7,82,2,'好玩',1,0,1,0,1),(56,6,96,2,'一般',1,0,1,0,1),(56,7,84,1,'儿',1,0,1,0,1),(57,6,98,1,'的',1,0,1,0,1),(57,7,85,1,'的',1,0,1,0,1),(58,6,99,1,'说',1,0,1,0,1),(58,7,86,1,'人',1,0,1,0,1),(59,6,100,1,'，',1,1,1,0,1),(59,7,87,1,'，',1,1,1,0,1),(60,6,101,2,'真的',1,0,1,0,1),(60,7,88,1,'逮',1,0,1,0,1),(61,6,103,1,'好',1,0,1,0,1),(61,7,89,1,'谁',1,0,1,0,1),(62,6,104,1,'累',1,0,1,0,1),(62,7,90,1,'和',1,0,1,0,1),(63,6,105,1,'啊',1,0,1,0,1),(63,7,91,1,'谁',1,0,1,0,1),(64,6,106,2,'……',1,1,1,0,1),(64,7,92,3,'练口语',1,0,1,0,1),(65,6,108,2,'每天',1,0,1,0,1),(65,7,95,3,'(嘿嘿',0,0,1,0,1),(66,6,110,2,'化妆',1,0,1,0,1),(66,7,98,1,'）',1,1,1,0,1),(67,6,112,1,'，',1,1,1,0,1),(67,7,99,1,'，',1,1,1,0,1),(68,6,113,1,'弄',1,0,1,0,1),(68,7,100,1,'逛',1,0,1,0,1),(69,6,114,2,'头发',1,0,1,0,1),(69,7,101,2,'超市',1,0,1,0,1),(70,6,116,1,'，',1,1,1,0,1),(70,7,103,1,'逛',1,0,1,0,1),(71,6,117,2,'按时',1,0,1,0,1),(71,7,104,1,'它',1,0,1,0,1),(72,6,119,2,'上班',1,0,1,0,1),(72,7,105,1,'3',0,0,1,0,1),(73,6,121,1,'，',1,1,1,0,1),(73,7,106,1,'、',1,1,1,0,1),(74,6,122,2,'等着',1,0,1,0,1),(74,7,107,1,'4',0,0,1,0,1),(75,6,124,1,'下',1,0,1,0,1),(75,7,108,1,'个',1,0,1,0,1),(76,6,125,2,'一个',1,0,1,0,1),(76,7,109,2,'小时',1,0,1,0,1),(77,6,127,2,'镜头',1,0,1,0,1),(77,7,111,1,'，',1,1,1,0,1),(78,6,129,1,'，',1,1,1,0,1),(78,7,112,2,'做饭',1,0,1,0,1),(79,6,130,1,'再',1,0,1,0,1),(79,7,114,1,'给',1,0,1,0,1),(80,6,131,1,'下',1,0,1,0,1),(80,7,115,2,'朋友',1,0,1,0,1),(81,6,132,2,'一个',1,0,1,0,1),(81,7,117,1,'吃',1,0,1,0,1),(82,6,134,1,'，',1,1,1,0,1),(82,7,118,1,'，',1,1,1,0,1),(83,6,135,2,'一天',1,0,1,0,1),(83,7,119,2,'整天',1,0,1,0,1),(84,6,137,1,'又',1,0,1,0,1),(84,7,121,2,'整天',1,0,1,0,1),(85,6,138,2,'一天',1,0,1,0,1),(85,7,123,1,'的',1,0,1,0,1),(86,6,140,1,'的',1,0,1,0,1),(86,7,124,1,'看',1,0,1,0,1),(87,6,141,2,'扮演',1,0,1,0,1),(87,7,125,2,'电影',1,0,1,0,1),(88,6,143,2,'别人',1,0,1,0,1),(88,7,127,3,'电视剧',1,0,1,0,1),(89,6,145,1,'，',1,1,1,0,1),(89,7,130,1,'。',1,1,1,0,1),(90,6,146,2,'表白',1,0,1,0,1),(91,6,148,2,'自己',1,0,1,0,1),(92,6,150,1,'，',1,1,1,0,1),(93,6,151,4,'周而复始',1,0,1,0,1),(94,6,155,1,'。',1,1,1,0,1);
/*!40000 ALTER TABLE `word` ENABLE KEYS */;
UNLOCK TABLES;
/*!40103 SET TIME_ZONE=@OLD_TIME_ZONE */;

/*!40101 SET SQL_MODE=@OLD_SQL_MODE */;
/*!40014 SET FOREIGN_KEY_CHECKS=@OLD_FOREIGN_KEY_CHECKS */;
/*!40014 SET UNIQUE_CHECKS=@OLD_UNIQUE_CHECKS */;
/*!40101 SET CHARACTER_SET_CLIENT=@OLD_CHARACTER_SET_CLIENT */;
/*!40101 SET CHARACTER_SET_RESULTS=@OLD_CHARACTER_SET_RESULTS */;
/*!40101 SET COLLATION_CONNECTION=@OLD_COLLATION_CONNECTION */;
/*!40111 SET SQL_NOTES=@OLD_SQL_NOTES */;

-- Dump completed on 2010-10-03 23:07:14
